"_type","budget_dinner","budget_lunch","genre","name","reviewCount","score","score_dinner","score_lunch"
"dict","￥3,000～￥3,999","null","和食（その他）、居酒屋、しゃぶしゃぶ","
                霧乃個室 清郎 品川
              ","20","3.06","3.06","-"
"dict","￥5,000～￥5,999"," ～￥999","居酒屋、魚介料理・海鮮料理、鍋（その他）","
                ときしらず 品川店
              ","13","3.06","3.06","3.05"
"dict","￥10,000～￥14,999","￥8,000～￥9,999","寿司、懐石・会席料理、すき焼き","
                個室割烹 寿司北大路 品川店
              ","19","3.18","3.18","-"
"dict","￥5,000～￥5,999","￥1,000～￥1,999","ダイニングバー、カリフォルニア料理、ハンバーガー","
                ウルフギャング・パック　 PIZZA BAR アレア品川店
              ","38","3.15","3.11","3.09"
"dict","￥3,000～￥3,999","null","居酒屋、もつ鍋、郷土料理（その他）","
                九州黒太鼓 品川
              ","7","3.06","3.06","3.00"
"dict","￥4,000～￥4,999","null","居酒屋、鳥料理、もつ鍋","
                隠れ家個室居酒屋 鶏の久兵衛 品川本店
              ","39","3.43","3.43","-"
"dict","￥4,000～￥4,999","￥1,000～￥1,999","居酒屋、魚介料理・海鮮料理、そば","
                土風炉 夢町小路 品川店
              ","61","3.01","3.01","3.01"
"dict","￥5,000～￥5,999","￥1,000～￥1,999","居酒屋、魚介料理・海鮮料理、創作料理","
                美食 米門 品川店
              ","113","3.52","3.51","3.25"
"dict","￥2,000～￥2,999"," ～￥999","居酒屋、魚介料理・海鮮料理、餃子","
                居酒屋 三平
              ","29","3.02","3.03","3.01"
"dict","￥3,000～￥3,999","￥3,000～￥3,999","居酒屋、中国鍋・火鍋、鍋（その他）","
                品川ろくよん
              ","19","3.04","3.05","-"
"dict","￥2,000～￥2,999"," ～￥999","タイ料理、ベトナム料理、タイカレー","
                タイキッチン アロイ 天王洲アイル
              ","20","3.02","3.00","3.06"
"dict","￥3,000～￥3,999","null","居酒屋、ダイニングバー、鳥料理","
                地鶏個室居酒屋 吉竹 品川店
              ","15","3.26","3.26","-"
"dict","￥3,000～￥3,999"," ～￥999","居酒屋、日本酒バー、魚介料理・海鮮料理","
                升亀 品川店
              ","47","3.20","3.23","3.01"
"dict","￥5,000～￥5,999","￥1,000～￥1,999","居酒屋、魚介料理・海鮮料理、しゃぶしゃぶ","
                六献 品川店
              ","19","3.37","3.37","-"
"dict","￥4,000～￥4,999","￥3,000～￥3,999","居酒屋、しゃぶしゃぶ、焼肉","
                京都木村屋本店 港南一丁目
              ","8","3.02","3.00","3.03"
"dict","￥3,000～￥3,999","null","居酒屋、もつ鍋、餃子","
                九州 熱中屋 品川 LIVE
              ","28","3.07","3.07","3.06"
"dict","￥2,000～￥2,999","￥1,000～￥1,999","インド料理、インドカレー、東南アジア料理（その他）","
                デヴィ コーナー
              ","298","3.55","3.52","3.55"
"dict","￥3,000～￥3,999"," ～￥999","居酒屋、もつ鍋、餃子","
                九州 熱中屋 品川グランパサージュ LIVE
              ","13","3.03","3.04","3.00"
"dict","￥5,000～￥5,999","￥1,000～￥1,999","ステーキ、ダイニングバー、洋食","
                CASUAL STEAK HOUSE RIB
              ","17","3.09","3.09","3.07"
"dict","￥3,000～￥3,999","￥1,000～￥1,999","ダイニングバー、イタリアン、洋食","
                PIZZA ＆TAPAS cibo
              ","15","3.05","3.06","3.00"
"dict","￥3,000～￥3,999","￥2,000～￥2,999","イタリアン、バル・バール、ダイニングバー","
                Lepre
              ","11","3.03","3.03","3.01"
"dict","￥3,000～￥3,999","￥1,000～￥1,999","イタリアン、バル・バール、居酒屋","
                LICOT
              ","8","3.08","3.06","3.12"
"dict","￥5,000～￥5,999","￥1,000～￥1,999","割烹・小料理、居酒屋、焼酎バー","
                the ZEN
              ","73","3.06","3.01","3.26"
"dict","￥3,000～￥3,999","null","居酒屋、手羽先、鍋（その他）","
                秘伝手羽先唐揚げと本格焼き鳥専門店 鳥心 品川店
              ","45","3.06","3.07","-"
"dict","￥5,000～￥5,999","￥1,000～￥1,999","居酒屋、魚介料理・海鮮料理、懐石・会席料理","
                魚魯魚魯 品川インターシティ店
              ","31","3.23","3.30","3.01"
"dict","￥3,000～￥3,999","null","居酒屋、もつ鍋、しゃぶしゃぶ","
                芋蔵 品川店
              ","30","3.05","3.05","-"
"dict","￥3,000～￥3,999"," ～￥999","居酒屋、魚介料理・海鮮料理、鍋（その他）","
                隠れ家個室居酒屋 和人 品川店
              ","8","3.04","3.00","3.06"
"dict","￥10,000～￥14,999","￥2,000～￥2,999","懐石・会席料理、和食（その他）、釜飯","
                隠れ房 品川 四阿
              ","8","3.47","3.47","3.03"
"dict","￥4,000～￥4,999"," ～￥999","居酒屋、魚介料理・海鮮料理、日本酒バー","
                日本酒バル 蔵よし 品川店
              ","21","3.40","3.36","3.12"
"dict","￥5,000～￥5,999"," ～￥999","焼肉、ホルモン、鉄板焼き","
                炭火焼肉 有田牛 泉岳寺駅前店
              ","5","3.43","3.43","3.00"
"dict","￥3,000～￥3,999"," ～￥999","居酒屋、魚介料理・海鮮料理、寿司","
                居さかな屋 みよし
              ","31","3.18","3.19","3.09"
"dict","￥6,000～￥7,999","￥1,000～￥1,999","ダイニングバー、その他肉料理、懐石・会席料理","
                美食米門  品川港南 Ｗｉｎｅ＆Ｇｒｉｌｌ
              ","34","3.16","3.16","3.07"
"dict","￥4,000～￥4,999"," ～￥999","居酒屋、郷土料理（その他）、和食（その他）","
                龍馬街道 品川
              ","48","3.09","3.09","3.00"
"dict","￥3,000～￥3,999","￥3,000～￥3,999","居酒屋、和食（その他）、鳥料理","
                地鶏と個室居酒屋 辻留
              ","8","3.08","3.08","-"
"dict","￥4,000～￥4,999","null","オイスターバー、居酒屋、魚介料理・海鮮料理","
                品川牡蠣入レ時
              ","47","3.54","3.54","-"
"dict","￥3,000～￥3,999"," ～￥999","居酒屋、魚介料理・海鮮料理、寿司","
                鰓呼吸 品川
              ","14","3.03","3.04","3.00"
"dict","￥5,000～￥5,999","￥1,000～￥1,999","焼肉","
                USHIHACHI 品川港南口店
              ","46","3.30","3.18","3.26"
"dict","￥3,000～￥3,999"," ～￥999","居酒屋、しゃぶしゃぶ、もつ鍋","
                九州桜 品川店
              ","16","3.00","3.00","3.03"
"dict","￥4,000～￥4,999"," ～￥999","ダイニングバー、四川料理","
                新荘園 ブライトタワー大崎店
              ","12","3.05","3.05","3.00"
"dict","￥2,000～￥2,999","￥1,000～￥1,999","ネパール料理、鍋（その他）、カレー（その他）","
                レッサムフィリリ 高輪店(本店)
              ","48","3.36","3.33","3.24"
"dict","￥3,000～￥3,999"," ～￥999","居酒屋、焼鳥、鍋（その他）","
                そじ坊 品川インターシティ店
              ","17","3.02","3.01","3.02"
"dict","￥4,000～￥4,999","￥1,000～￥1,999","牛タン、もつ鍋、居酒屋","
                牛タン 圭助 品川港南口
              ","73","3.08","3.00","3.10"
"dict","￥3,000～￥3,999","null","居酒屋、焼鳥、もつ鍋","
                腹黒屋 品川
              ","46","3.44","3.44","-"
"dict","￥3,000～￥3,999"," ～￥999","ビストロ、イタリアン、ワインバー","
                ワインビストロ cham
              ","22","3.18","3.12","3.14"
"dict","￥2,000～￥2,999"," ～￥999","カレーライス、ネパール料理、インドカレー","
                マナカマナ インドネパール料理&バー
              ","1","3.05","-","3.05"
"dict","￥4,000～￥4,999","￥1,000～￥1,999","イタリアン、ダイニングバー、オイスターバー","
                Oyster Bar ジャックポット 品川
              ","115","3.32","3.26","3.14"
"dict","￥5,000～￥5,999","null","ステーキ、ダイニングバー、ビアバー","
                THE DAD BOD 品川店
              ","30","3.51","3.51","3.07"
"dict","￥3,000～￥3,999"," ～￥999","中華料理、刀削麺、担々麺","
                栄華楼 グランドセントラルタワー店
              ","68","3.46","3.48","3.12"
"dict","￥4,000～￥4,999","￥1,000～￥1,999","居酒屋、イタリアン、居酒屋・ダイニングバー（その他）","
                留萌マルシェ 品川イーストワンタワー店
              ","20","3.48","3.41","3.18"
"dict","￥5,000～￥5,999","￥1,000～￥1,999","バイキング、イタリアン、ダイニングバー","
                ガーデンレストラン オールデイ ダイニング
              ","83","3.32","3.25","3.19"
"dict","￥1,000～￥1,999"," ～￥999","イタリアン、洋食・欧風料理（その他）、ダイニングバー","
                テオ
              ","6","3.02","-","3.03"
"dict","￥3,000～￥3,999"," ～￥999","居酒屋、洋食、中華料理","
                DAY・NITE 三田店
              ","9","3.02","3.01","3.03"
"dict","￥4,000～￥4,999","￥1,000～￥1,999","イタリアン、ピザ、バル・バール","
                ドンコナコネリー 品川
              ","5","3.05","3.05","-"
"dict","￥4,000～￥4,999"," ～￥999","居酒屋、鍋（その他）、魚介料理・海鮮料理","
                魚と酒 はなたれ 品川店
              ","43","3.09","3.09","3.08"
"dict","￥4,000～￥4,999","null","居酒屋、魚介料理・海鮮料理、和食（その他）","
                跳魚 別館
              ","22","3.37","3.37","-"
"dict","￥4,000～￥4,999","null","イタリアン、バル・バール、ダイニングバー","
                アントニオ デル ポライオーロ
              ","53","3.57","3.57","-"
"dict","￥2,000～￥2,999"," ～￥999","居酒屋","
                大衆酒場 瀬戸内食堂
              ","3","3.03","-","3.04"
"dict","￥4,000～￥4,999"," ～￥999","中国鍋・火鍋、中華料理、しゃぶしゃぶ","
                小肥羊 品川店
              ","39","3.37","3.32","3.13"
"dict","￥3,000～￥3,999"," ～￥999","居酒屋、魚介料理・海鮮料理、天ぷら","
                地酒とそば・京風おでん 三間堂 品川店
              ","13","3.01","3.02","3.01"
"dict","￥3,000～￥3,999","null","居酒屋、もつ料理、馬肉料理","
                芋蔵 品川べつどころ
              ","23","3.23","3.23","-"
"dict","￥2,000～￥2,999"," ～￥999","居酒屋、和食（その他）、串揚げ・串かつ","
                かっぽうぎ 品川シーズンテラス店
              ","8","3.04","3.03","3.05"
"dict","￥2,000～￥2,999"," ～￥999","インド料理、インドカレー、東南アジア料理（その他）","
                デヴィ インディア 品川駅前店
              ","67","3.20","3.22","3.01"
"dict","￥2,000～￥2,999"," ～￥999","居酒屋、和食（その他）、串揚げ・串かつ","
                かっぽうぎ アレア品川店
              ","17","3.06","3.07","3.06"
"dict","￥3,000～￥3,999"," ～￥999","居酒屋、魚介料理・海鮮料理、しゃぶしゃぶ","
                北の味紀行と地酒 北海道 品川インターシティ店
              ","36","3.00","3.01","3.01"
"dict","￥3,000～￥3,999"," ～￥999","韓国料理、居酒屋、焼肉","
                ソウル苑
              ","4","3.05","-","3.06"
"dict","￥3,000～￥3,999"," ～￥999","居酒屋、餃子、もつ鍋","
                九州 熱中屋 品川シーズンテラス LIVE
              ","13","3.00","3.01","3.00"
"dict","￥3,000～￥3,999","￥1,000～￥1,999","寿司、魚介料理・海鮮料理、和食（その他）","
                築地すし好 品川グランパサージュ店
              ","20","3.00","3.01","3.01"
"dict","￥4,000～￥4,999"," ～￥999","居酒屋、鳥料理、和食（その他）","
                IPPO 品川店
              ","4","3.05","3.00","3.06"
"dict","￥4,000～￥4,999"," ～￥999","居酒屋、焼鳥、鍋（その他）","
                二尺五寸 品川グランパサージュ店
              ","11","3.05","3.04","3.05"
"dict","￥3,000～￥3,999"," ～￥999","ビストロ、ダイニングバー、シーフード","
                フレンチーナ 品川店
              ","53","3.19","3.10","3.22"
"dict","￥3,000～￥3,999"," ～￥999","バル・バール、ビアバー、ダイニングバー","
                GLASS DANCE 品川港南
              ","6","3.06","3.06","3.04"
"dict","￥2,000～￥2,999"," ～￥999","韓国料理、居酒屋、韓国鍋","
                わかなし 品川店
              ","8","3.05","3.05","3.04"
"dict","￥5,000～￥5,999","￥1,000～￥1,999","魚介料理・海鮮料理、寿司、居酒屋","
                寿司の磯松
              ","63","3.51","3.46","3.37"
"dict","￥3,000～￥3,999"," ～￥999","居酒屋、魚介料理・海鮮料理、日本酒バー","
                板前バル 品川シーズンテラス店
              ","18","3.12","3.10","3.08"
"dict","￥3,000～￥3,999"," ～￥999","ビアホール・ビアレストラン、ステーキ、ビアガーデン","
                銀座ライオン 品川インターシティ店
              ","10","3.04","3.04","3.00"
"dict","￥1,000～￥1,999","null","焼肉、ホルモン","
                焼肉かすが
              ","8","3.00","3.00","-"
"dict","￥3,000～￥3,999"," ～￥999","バル・バール、居酒屋、イタリアン","
                トドス
              ","65","3.49","3.50","3.01"
"dict","￥4,000～￥4,999","null","居酒屋、魚介料理・海鮮料理、寿司","
                肴や 呉平
              ","49","3.33","3.15","3.46"
"dict","￥10,000～￥14,999","￥4,000～￥4,999","懐石・会席料理","
                大志満 高輪店
              ","36","3.54","3.53","3.52"
"dict","￥4,000～￥4,999"," ～￥999","居酒屋、もつ鍋、豚しゃぶ","
                芋蔵 品川庭園
              ","29","3.07","3.07","3.08"
"dict","￥3,000～￥3,999","null","居酒屋、ダイニングバー、バル・バール","
                個室＆和風バル 禅や
              ","3","3.06","3.06","-"
"dict","￥5,000～￥5,999","￥1,000～￥1,999","イタリアン、ワインバー、パスタ","
                イル ファルコ
              ","6","3.04","3.04","3.04"
"dict","￥3,000～￥3,999"," ～￥999","ダイニングバー、ピザ、イタリアン","
                GOOD MORNING CAFE 品川シーズンテラス
              ","47","3.52","3.30","3.53"
"dict","￥5,000～￥5,999"," ～￥999","焼肉、ホルモン、韓国料理","
                山水苑 港南口店
              ","37","3.48","3.17","3.52"
"dict","￥8,000～￥9,999","￥1,000～￥1,999","焼肉、居酒屋、韓国料理","
                梨の家 品川インターシティ店
              ","36","3.09","3.12","3.01"
"dict","￥4,000～￥4,999","null","居酒屋、郷土料理（その他）、鍋（その他）","
                わらやき屋 品川
              ","104","3.55","3.54","3.46"
"dict","￥5,000～￥5,999","￥2,000～￥2,999","イタリアン、パスタ、ケーキ","
                Trattoria dello Zio
              ","6","3.05","3.04","3.06"
"dict","￥3,000～￥3,999"," ～￥999","ビストロ、バル・バール、居酒屋","
                原価ビストロBAN！ 品川港南口
              ","17","3.07","3.07","3.06"
"dict","null"," ～￥999","焼鳥、釜飯、居酒屋","
                居酒屋　藩 品川東口店
              ","14","3.01","3.03","3.00"
"dict","￥3,000～￥3,999","￥1,000～￥1,999","ダイニングバー、居酒屋、イタリアン","
                ビストロバル enishi 品川駅前店
              ","4","3.00","3.00","-"
"dict","￥5,000～￥5,999","￥1,000～￥1,999","スペイン料理、バル・バール、ビストロ","
                モン テルセーロ
              ","74","3.41","3.36","3.15"
"dict","￥4,000～￥4,999"," ～￥999","寿司、海鮮丼、ふぐ","
                築地 すし好 品川インターシティ店
              ","36","3.10","3.09","3.09"
"dict","￥4,000～￥4,999"," ～￥999","居酒屋、しゃぶしゃぶ、魚介料理・海鮮料理","
                自然食×個室居酒屋 喜楽 品川
              ","8","3.00","3.00","-"
"dict","￥3,000～￥3,999"," ～￥999","居酒屋、魚介料理・海鮮料理、焼鳥","
                土間 品川イーストワンタワー店
              ","19","3.01","3.01","3.02"
"dict","￥4,000～￥4,999","￥3,000～￥3,999","居酒屋、魚介料理・海鮮料理、もつ鍋","
                桜－はなれ－ 品川港南口店
              ","2","-","-","-"
"dict","￥3,000～￥3,999","￥1,000～￥1,999","居酒屋、焼肉、もつ鍋","
                きむら屋 品川港南口
              ","21","3.10","3.08","3.12"
"dict","￥6,000～￥7,999","￥2,000～￥2,999","ダイニングバー、イタリアン、フレンチ","
                レストランチェリーウィズスカイバー
              ","47","3.52","3.52","3.07"
"dict","￥4,000～￥4,999","￥1,000～￥1,999","イタリアン、ピザ、ワインバー","
                オービカ モッツァレラバー 高輪店
              ","27","3.05","3.02","3.06"
"dict","￥3,000～￥3,999","null","居酒屋、焼鳥、鍋（その他）","
                楽蔵うたげ 品川港南口店
              ","6","3.08","3.08","-"
"dict","￥5,000～￥5,999","￥1,000～￥1,999","ダイニングバー、バル・バール、イタリアン","
                トライベッカ SINAGAWA
              ","115","3.28","3.12","3.42"
"dict","￥4,000～￥4,999","￥1,000～￥1,999","スペイン料理、イタリアン、居酒屋","
                リリオ
              ","34","3.34","3.31","3.22"
"dict","￥6,000～￥7,999","￥3,000～￥3,999","ステーキ","
                バルバッコア 高輪店
              ","42","3.00","3.00","3.21"
"dict","￥5,000～￥5,999","￥1,000～￥1,999","東南アジア料理（その他）、シーフード、カレー（その他）","
                シンガポール シーフードリパブリック 品川
              ","556","3.58","3.58","3.58"
"dict","￥3,000～￥3,999"," ～￥999","鍋（その他）、韓国料理、焼肉","
                韓韓市場 品川グランパサージュ店
              ","20","3.03","3.01","3.04"
"dict","￥4,000～￥4,999"," ～￥999","中華料理、餃子、担々麺","
                一味玲玲 品川店
              ","78","3.34","3.30","3.23"
"dict","￥3,000～￥3,999","null","居酒屋、魚介料理・海鮮料理、鍋（その他）","
                鮮や一夜 品川駅前店
              ","4","3.06","3.06","-"
"dict","￥6,000～￥7,999","null","焼鳥、鳥料理、創作料理","
                泉岳寺前 瀧口
              ","73","3.68","3.69","3.46"
"dict","￥3,000～￥3,999","￥1,000～￥1,999","居酒屋、魚介料理・海鮮料理、海鮮丼","
                山陰海鮮 炉端かば 品川店
              ","40","3.09","3.10","3.00"
"dict","￥4,000～￥4,999","￥1,000～￥1,999","野菜料理、ステーキ、イタリアン","
                AW55 アトレ品川店
              ","51","3.46","3.40","3.19"
"dict","￥4,000～￥4,999","￥1,000～￥1,999","ステーキ、ワインバー、ビアバー","
                BUTCHER NYC CRAFT BEER & WINE / BBQ & GRILL 品川シーズンテラス
              ","27","3.09","3.00","3.15"
"dict","￥3,000～￥3,999","null","居酒屋、魚介料理・海鮮料理、鍋（その他）","
                湊一や 品川港南口店
              ","2","3.00","3.00","-"
"dict","￥4,000～￥4,999","￥1,000～￥1,999","バル・バール、イタリアン、ビストロ","
                nikukitchin BOICHI アレア品川店
              ","25","3.06","3.05","3.06"
"dict","￥3,000～￥3,999","￥3,000～￥3,999","居酒屋、洋食、スイーツ（その他）","
                ウメ子の家 品川駅前店
              ","22","3.04","3.04","-"
"dict","￥3,000～￥3,999","￥1,000～￥1,999","イタリアン、パスタ、ピザ","
                トラットリア・イタリア 品川店
              ","83","3.52","3.52","3.08"
"dict","￥10,000～￥14,999","￥5,000～￥5,999","屋形船・クルージング、天ぷら、割烹・小料理","
                船清
              ","47","3.51","3.51","3.03"
"dict","￥2,000～￥2,999"," ～￥999","串焼き、居酒屋、焼鳥","
                喰処飲処　蛍火 品川インターシティ店
              ","9","3.01","3.00","3.01"
"dict","￥2,000～￥2,999","￥1,000～￥1,999","ステーキ、アメリカ料理、バー","
                アウトバック ステーキハウス 品川港南店
              ","75","3.07","3.05","3.08"
"dict","￥3,000～￥3,999","null","魚介料理・海鮮料理、居酒屋、日本酒バー","
                四十八漁場 品川店
              ","27","3.21","3.21","-"
"dict","￥15,000～￥19,999","￥5,000～￥5,999","中華料理","
                チャイナシャドー
              ","125","3.59","3.54","3.60"
"dict","￥3,000～￥3,999","￥1,000～￥1,999","カフェ、バー、タイ料理","
                マンゴツリーカフェ+バー ウィング高輪WEST
              ","118","3.11","3.08","3.09"
"dict","￥10,000～￥14,999","￥4,000～￥4,999","フレンチ、創作料理、バー","
                ザ・ダイニング ルーム
              ","187","3.58","3.58","3.58"
"dict","￥3,000～￥3,999","null","居酒屋、鳥料理、ジンギスカン","
                北海道シントク町 塚田農場 品川港南口店
              ","15","3.05","3.05","-"
"dict","￥3,000～￥3,999"," ～￥999","魚介料理・海鮮料理、居酒屋、定食・食堂","
                大衆浜焼　清水清太郎
              ","41","3.23","3.09","3.31"
"dict","￥5,000～￥5,999","￥1,000～￥1,999","中国鍋・火鍋、薬膳、ダイニングバー","
                10ZEN 品川店
              ","241","3.55","3.52","3.53"
"dict","￥3,000～￥3,999"," ～￥999","うどん、そば、居酒屋","
                MARU-SU Dining
              ","12","3.05","3.00","3.05"
"dict","￥2,000～￥2,999","null","居酒屋、串焼き、魚介料理・海鮮料理","
                ぶっちぎり酒場 品川店
              ","23","3.03","3.04","-"
"dict","￥1,000～￥1,999","￥1,000～￥1,999","イタリアン、パスタ、ピザ","
                24
              ","48","3.36","3.20","3.19"
"dict","￥2,000～￥2,999","￥1,000～￥1,999","アメリカ料理、ステーキ、バル・バール","
                T.G.I. FRIDAYS 品川店
              ","168","3.08","3.09","3.07"
"dict","￥4,000～￥4,999","￥1,000～￥1,999","ダイニングバー、牛料理、ハンバーグ","
                キッチンカネカ
              ","13","3.20","3.06","3.37"
"dict","￥2,000～￥2,999","￥1,000～￥1,999","ラウンジ、ケーキ、パン","
                マウナケア
              ","50","3.06","3.04","3.06"
"dict","￥3,000～￥3,999","null","居酒屋、魚介料理・海鮮料理、すっぽん","
                夢や 品川店
              ","31","3.51","3.51","-"
"dict","￥1,000～￥1,999"," ～￥999","ダイニングバー、ビアバー、居酒屋","
                82 品川店
              ","31","3.07","3.07","3.07"
"dict","￥8,000～￥9,999","￥3,000～￥3,999","フレンチ","
                レストラン フェメゾン
              ","17","3.55","3.51","3.54"
"dict","￥5,000～￥5,999","￥1,000～￥1,999","焼肉、韓国料理、居酒屋","
                いぶりや
              ","64","3.59","3.55","3.61"
"dict","￥6,000～￥7,999","￥3,000～￥3,999","バイキング、イタリアン、魚介料理・海鮮料理","
                リュクス ダイニング ハプナ
              ","404","3.58","3.56","3.58"
"dict","￥3,000～￥3,999"," ～￥999","韓国料理、焼肉、居酒屋","
                吾照里 Wing高輪店
              ","23","3.08","3.08","3.06"
"dict","￥4,000～￥4,999","￥1,000～￥1,999","イタリアン、ピザ、パスタ","
                パッパーレナポリ 品川店
              ","86","3.36","3.29","3.22"
"dict","￥8,000～￥9,999","￥2,000～￥2,999","中華料理、飲茶・点心、担々麺","
                東天紅 高輪店
              ","13","3.09","3.09","3.04"
"dict","￥3,000～￥3,999","null","居酒屋、鳥料理、もつ鍋","
                宮崎県日南市 塚田農場 品川高輪口店
              ","38","3.08","3.09","3.03"
"dict","null"," ～￥999","中華料理、居酒屋、餃子","
                金門閣
              ","12","3.07","3.07","3.07"
"dict","￥3,000～￥3,999","null","居酒屋、鳥料理、もつ鍋","
                鹿児島県霧島市 塚田農場 品川高輪店
              ","11","3.07","3.07","-"
"dict","￥4,000～￥4,999","￥1,000～￥1,999","焼肉、韓国料理","
                ぴゅあ 品川フロントビル店
              ","37","3.45","3.36","3.28"
"dict","￥1,000～￥1,999"," ～￥999","ラーメン、居酒屋、ちゃんぽん","
                ちゃんぽん由丸 品川港南店
              ","46","3.24","3.06","3.25"
"dict"," ～￥999"," ～￥999","ラーメン、つけ麺","
                野郎ラーメン 品達品川本店
              ","29","3.08","3.08","3.07"
"dict","￥2,000～￥2,999"," ～￥999","居酒屋、焼鳥、定食・食堂","
                鍛冶屋 文蔵 品川グランパサージュ店
              ","14","3.00","3.00","3.00"
"dict","￥3,000～￥3,999","null","バル・バール、イタリアン、居酒屋","
                肉 ワイン 鉄板バル Gappo
              ","23","3.00","3.00","-"
"dict","￥4,000～￥4,999","￥1,000～￥1,999","バル・バール、豚料理、アメリカ料理","
                リブラボ キッチン SHINAGAWA
              ","37","3.39","3.26","3.36"
"dict","￥4,000～￥4,999","null","串揚げ・串かつ、とんかつ","
                桑名
              ","11","3.05","3.05","3.01"
"dict","￥5,000～￥5,999","null","バー","
                留居
              ","null","-","-","-"
"dict"," ～￥999"," ～￥999","ケーキ、洋菓子（その他）","
                パティスリーQBG エキュート品川店
              ","115","3.46","3.11","3.40"
"dict"," ～￥999","null","その他","
                ファミリーマート 品川グランパサージュ店
              ","1","3.00","3.00","-"
"dict","null","null","バー","
                シュールズ クラブ
              ","null","-","-","-"
"dict","null","null","居酒屋、郷土料理（その他）","
                くつろぎの個室和食 桜 はなれ 品川港南口駅前店
              ","4","-","-","-"
"dict","￥1,000～￥1,999","￥1,000～￥1,999","アメリカ料理、ケーキ","
                アンナミラーズ ウィング高輪店
              ","219","3.50","3.09","3.53"
"dict"," ～￥999","￥1,000～￥1,999","弁当、デリカテッセン、イタリアン","
                イーション エキュート品川サウス店
              ","43","3.15","3.10","3.08"
"dict","￥1,000～￥1,999"," ～￥999","立ち飲み居酒屋・バー、カレーライス","
                たちのみ処 かすが
              ","28","3.14","3.05","3.28"
"dict","null"," ～￥999","居酒屋、定食・食堂、焼鳥","
                鳥一 居酒屋店
              ","28","3.00","3.00","3.01"
"dict"," ～￥999"," ～￥999","カフェ","
                スターバックスコーヒー JR東海 品川駅店
              ","7","3.00","-","3.00"
"dict","￥3,000～￥3,999","null","バー","
                バー アウトリガー
              ","2","3.00","3.00","-"
"dict","￥2,000～￥2,999"," ～￥999","カフェ、イタリアン、バル・バール","
                タミルズ
              ","179","3.51","3.32","3.41"
"dict"," ～￥999"," ～￥999","丼もの（その他）、カレーライス、ラーメン","
                幸丼 東京品川
              ","98","3.57","3.50","3.55"
"dict"," ～￥999","￥1,000～￥1,999","和菓子","
                御門屋 品川駅店
              ","30","3.08","3.06","3.09"
"dict","￥1,000～￥1,999"," ～￥999","和菓子","
                柿の種専門店　かきたねキッチン
              ","77","3.41","3.21","3.31"
"dict","￥6,000～￥7,999","null","バー","
                トップオブシナガワ ラウンジバー
              ","2","3.06","3.06","-"
"dict"," ～￥999"," ～￥999","ジュースバー、スープ、パン・サンドイッチ（その他）","
                ベジテリア エキュート品川サウス店
              ","30","3.09","3.08","3.08"
"dict"," ～￥999"," ～￥999","カフェ、自然食、サンドイッチ","
                カフェラット ニジュウゴド 品川駅店
              ","44","3.07","3.03","3.07"
"dict","￥5,000～￥5,999","null","日本酒バー、魚介料理・海鮮料理、居酒屋","
                八吉 品川店
              ","21","3.07","3.07","-"
"dict","null","null","その他","
                ファミリーマート サンズ高輪四丁目店
              ","null","-","-","-"
"dict"," ～￥999"," ～￥999","肉まん・中華まん","
                パオパオ エキュート品川店
              ","21","3.08","3.08","3.07"
"dict"," ～￥999"," ～￥999","カフェ、パン、アサイーボウル","
                ザ サード カフェ 品川シーズンテラス店
              ","38","3.23","3.09","3.19"
"dict"," ～￥999"," ～￥999","ラーメン、つけ麺、餃子","
                ひるがおEX
              ","50","3.07","3.08","3.07"
"dict","￥1,000～￥1,999"," ～￥999","中華料理、餃子、担々麺","
                福園 品川店
              ","12","3.05","3.02","3.06"
"dict","null"," ～￥999","弁当、自然食","
                オーガニックハウス
              ","1","3.02","-","3.03"
"dict","null"," ～￥999","ハンバーグ、居酒屋","
                たあた
              ","3","3.04","-","3.05"
"dict"," ～￥999"," ～￥999","デリカテッセン、フレンチ、サンドイッチ","
                ターブル・オギノ ecute品川店
              ","82","3.58","3.56","3.58"
"dict","￥2,000～￥2,999","￥1,000～￥1,999","カフェ","
                ハーベステラス  品川店
              ","18","3.12","3.09","3.08"
"dict","null"," ～￥999","カフェ・喫茶（その他）、居酒屋・ダイニングバー（その他）、定食・食堂","
                マリーナ
              ","9","3.09","-","3.09"
"dict","￥1,000～￥1,999","￥1,000～￥1,999","ビアバー","
                常陸野ブルーイング品川 ビア＆カフェ
              ","17","3.06","3.04","3.06"
"dict","￥1,000～￥1,999","null","寿司","
                よいのいき
              ","2","-","-","-"
"dict","￥1,000～￥1,999"," ～￥999","弁当、飲茶・点心","
                銘店弁当　膳まい エキュート品川サウス
              ","23","3.18","3.16","3.07"
"dict","￥6,000～￥7,999","￥1,000～￥1,999","フレンチ、カフェ、パン","
                オー バカナル 高輪
              ","312","3.58","3.58","3.58"
"dict"," ～￥999"," ～￥999","その他","
                ニューデイズプラスクスリ
              ","3","3.01","3.00","3.01"
"dict","￥2,000～￥2,999","null","居酒屋、魚介料理・海鮮料理、創作料理","
                魚民 品川港南口駅前店
              ","13","3.00","3.01","3.01"
"dict","￥3,000～￥3,999"," ～￥999","回転寿司","
                無添くら寿司 品川駅前店
              ","107","3.05","3.01","3.07"
"dict"," ～￥999"," ～￥999","牛丼、カレーライス、定食・食堂","
                すき家 品川東店
              ","24","3.03","3.04","3.00"
"dict","￥5,000～￥5,999"," ～￥999","居酒屋、魚介料理・海鮮料理、創作料理","
                味どころ 遊
              ","36","3.42","3.35","3.21"
"dict"," ～￥999"," ～￥999","カフェ、サンドイッチ","
                カフェアンドバー 品川キッチンフードコート
              ","12","3.04","3.00","3.04"
"dict","￥5,000～￥5,999","￥1,000～￥1,999","しゃぶしゃぶ、懐石・会席料理、和食（その他）","
                つきじ植むら 品川インターシティ店
              ","20","3.08","3.08","3.06"
"dict"," ～￥999"," ～￥999","スイーツ（その他）、和菓子","
                和楽紅屋 ecute品川店
              ","66","3.29","3.09","3.29"
"dict","null"," ～￥999","喫茶店、定食・食堂","
                カフェ・シルクロード
              ","5","3.06","-","3.06"
"dict","null","null","喫茶店","
                ミポーズハウス
              ","null","-","-","-"
"dict","￥2,000～￥2,999","￥1,000～￥1,999","居酒屋","
                いな穂
              ","3","3.03","3.04","3.00"
"dict","null"," ～￥999","とんかつ、コロッケ・フライ、定食・食堂","
                とんかつ新友
              ","8","3.05","-","3.05"
"dict"," ～￥999","null","和菓子","
                浅草梅園 ウィング高輪イースト店
              ","1","3.00","3.00","-"
"dict"," ～￥999"," ～￥999","中華料理、定食・食堂","
                大福苑
              ","19","3.06","3.01","3.06"
"dict"," ～￥999"," ～￥999","そば、うどん、カレーライス","
                名代 富士そば 品川店
              ","34","3.07","3.02","3.07"
"dict"," ～￥999"," ～￥999","ラーメン、つけ麺","
                麺屋 翔 品川店
              ","239","3.59","3.57","3.59"
"dict","null"," ～￥999","うどん、天ぷら、おにぎり","
                麦まる 品川インターシティ B1F店
              ","36","3.08","3.07","3.08"
"dict","￥6,000～￥7,999"," ～￥999","洋食・欧風料理（その他）、バー・お酒（その他）","
                ENOTECA ウィング高輪店
              ","58","3.31","3.22","3.21"
"dict"," ～￥999"," ～￥999","和菓子、大福","
                松島屋
              ","307","3.61","3.10","3.61"
"dict","null","null","その他","
                ミニストップ 北品川5丁目店
              ","null","-","-","-"
"dict"," ～￥999"," ～￥999","ケーキ","
                ファウンドリー エキュート品川店
              ","14","3.09","3.08","3.08"
"dict"," ～￥999","null","和食（その他）","
                銀座若菜
              ","7","3.12","3.12","3.02"
"dict"," ～￥999"," ～￥999","立ち食いそば、うどん、カレーライス","
                常盤軒 横須賀線ホーム店
              ","60","3.22","3.24","3.08"
"dict"," ～￥999"," ～￥999","そば、うどん、ラーメン","
                三松
              ","19","3.00","3.00","3.01"
"dict","￥1,000～￥1,999"," ～￥999","弁当","
                ジェイアール東海パッセンジャーズ 品川プラザ中央店
              ","26","3.22","3.00","3.29"
"dict","￥4,000～￥4,999","null","居酒屋、ホルモン、にんにく料理","
                居酒屋 みかさ
              ","27","3.38","3.20","3.38"
"dict","null","￥8,000～￥9,999","その他","
                ニホンドウ 漢方ブティック 品川本店
              ","2","-","-","-"
"dict","￥3,000～￥3,999","null","ビストロ、イタリアン、バル・バール","
                魚介ビストロ sasaya BYO 品川魚貝センター
              ","62","3.33","3.33","-"
"dict","null","null","レストラン（その他）","
                ニューヨークサブズ アトレ品川店
              ","null","-","-","-"
"dict","￥2,000～￥2,999","￥1,000～￥1,999","その他","
                ジョイサウンド 品川港南口店
              ","4","3.00","3.00","3.01"
"dict"," ～￥999"," ～￥999","喫茶店","
                喫茶室ルノアール 品川高輪口店
              ","18","3.03","3.00","3.03"
"dict","￥10,000～￥14,999","null","寿司、魚介料理・海鮮料理","
                寿司ひらおか
              ","10","3.55","3.55","-"
"dict","￥4,000～￥4,999"," ～￥999","ホルモン、焼肉、居酒屋","
                炭火焼ホルモン酒場 元気家
              ","37","3.51","3.32","3.51"
"dict","null"," ～￥999","カフェ、コーヒー専門店","
                フォレストスタンドセンガクジ
              ","1","-","-","-"
"dict","null","￥1,000～￥1,999","ラウンジ、カフェ、パンケーキ","
                ザ・ラウンジ
              ","15","3.06","-","3.06"
"dict","￥1,000～￥1,999"," ～￥999","カフェ、ケーキ、サンドイッチ","
                ハーブス ウィング高輪EAST店
              ","24","3.08","3.07","3.07"
"dict","￥3,000～￥3,999"," ～￥999","バー、ダイニングバー、イタリアン","
                Dining Bar Arrays
              ","18","3.00","-","3.00"
"dict"," ～￥999"," ～￥999","サンドイッチ","
                サブウェイ 野村不動産天王洲ビル店
              ","3","3.00","-","3.00"
"dict","￥3,000～￥3,999"," ～￥999","割烹・小料理、居酒屋、定食・食堂","
                天酔
              ","19","3.38","3.12","3.50"
"dict","￥2,000～￥2,999","null","居酒屋、魚介料理・海鮮料理、創作料理","
                千年の宴 品川港南口駅前店
              ","7","3.00","3.00","-"
"dict","￥3,000～￥3,999"," ～￥999","スペイン料理、バル・バール、地中海料理","
                Pio 高輪店
              ","33","3.08","3.09","3.01"
"dict","￥5,000～￥5,999"," ～￥999","バー・お酒（その他）","
                ヴィノスやまざき エキュート品川店
              ","4","3.03","3.02","3.04"
"dict"," ～￥999"," ～￥999","コーヒー専門店、カフェ","
                タリーズコーヒー 泉岳寺店
              ","6","3.01","3.00","3.01"
"dict","null"," ～￥999","寿司","
                品川駅前すし処　藤寿司
              ","20","3.08","-","3.14"
"dict","￥6,000～￥7,999","null","串焼き、居酒屋、創作料理","
                からすみ工房
              ","3","3.05","3.05","-"
"dict"," ～￥999"," ～￥999","デリカテッセン、弁当","
                デリカステーション中央
              ","8","3.04","3.04","3.03"
"dict","null"," ～￥999","中華料理、中華麺（その他）、ラーメン","
                龍盛園 品川高輪口店
              ","11","3.00","-","3.00"
"dict","null","null","スポーツバー、ビアバー、ダイニングバー","
                シナガワ スポーツ カフェアンドバー
              ","null","-","-","-"
"dict"," ～￥999"," ～￥999","ラーメン、つけ麺","
                TOKYO豚骨BASE MADE by博多一風堂 品川店
              ","303","3.54","3.50","3.53"
"dict","null"," ～￥999","イタリアン","
                トゥリパーノ
              ","15","3.00","3.01","3.04"
"dict","￥2,000～￥2,999"," ～￥999","中華料理、中華麺（その他）、ラーメン","
                中国料理 興龍飯店
              ","16","3.05","3.04","3.06"
"dict","null","￥1,000～￥1,999","ハンバーグ、弁当","
                数寄屋バーグ テイクアウト専門店
              ","12","3.08","-","3.10"
"dict"," ～￥999"," ～￥999","カフェ、コーヒー専門店、パン・サンドイッチ（その他）","
                セガフレード・ザネッティ 品川店
              ","34","3.08","3.01","3.08"
"dict"," ～￥999","null","牛丼、カレーライス、定食・食堂","
                すき家 港南四丁目店
              ","7","3.01","3.01","3.01"
"dict","￥3,000～￥3,999","null","居酒屋","
                居酒屋なかよし 品川東口２号店
              ","9","3.01","3.01","-"
"dict"," ～￥999"," ～￥999","そば、うどん","
                蕎麦たつ
              ","19","3.07","3.03","3.08"
"dict"," ～￥999"," ～￥999","弁当","
                ほっともっと 港南４丁目店
              ","4","3.01","-","3.01"
"dict","null"," ～￥999","社員食堂、定食・食堂","
                クラウン
              ","4","3.03","-","3.03"
"dict","￥3,000～￥3,999","￥1,000～￥1,999","イタリアン、フレンチ、パスタ","
                イル・フィーロ
              ","19","3.04","3.02","3.04"
"dict"," ～￥999"," ～￥999","その他","
                ファミリーマート 港南一丁目店
              ","1","3.00","3.00","-"
"dict"," ～￥999"," ～￥999","パン、サンドイッチ","
                小麦と酵母 満 ecute品川店
              ","288","3.58","3.53","3.58"
"dict","null","￥1,000～￥1,999","その他","
                カラオケ山手線
              ","4","3.02","3.01","3.02"
"dict","￥4,000～￥4,999"," ～￥999","居酒屋、鳥料理","
                地鶏や ウィング高輪店
              ","54","3.06","3.07","3.01"
"dict","￥1,000～￥1,999","null","もつ焼き、居酒屋","
                もつ焼きマーちゃん
              ","66","3.50","3.50","-"
"dict","￥1,000～￥1,999","￥1,000～￥1,999","ファミレス","
                ロイヤルホスト 高輪店
              ","41","3.07","3.08","3.06"
"dict","￥2,000～￥2,999","null","餃子、居酒屋、鍋（その他）","
                ギョウザマニア 品川はなれ
              ","16","3.41","3.41","-"
"dict","￥5,000～￥5,999","￥1,000～￥1,999","しゃぶしゃぶ、すき焼き","
                しゃぶしゃぶすき焼きダイニング天空 品川港南口店
              ","6","3.06","3.06","3.05"
"dict"," ～￥999"," ～￥999","焼鳥、鳥料理","
                鳥麻 エキュート品川サウス店
              ","38","3.10","3.09","3.07"
"dict","￥1,000～￥1,999"," ～￥999","居酒屋、定食・食堂","
                酒処 つがる
              ","75","3.51","3.18","3.55"
"dict"," ～￥999"," ～￥999","喫茶店","
                喫茶室ルノアール 品川港南口店
              ","15","3.03","-","3.03"
"dict","￥30,000～","￥3,000～￥3,999","旅館・オーベルジュ（その他）、旅館、バー","
                ストリングスホテル東京インターコンチネンタル
              ","40","3.07","3.07","3.07"
"dict"," ～￥999","￥1,000～￥1,999","ファミレス、イタリアン、パスタ","
                サイゼリヤ 港南中学校前店
              ","7","3.01","3.00","3.02"
"dict"," ～￥999"," ～￥999","その他","
                ニューデイズ 品川中央店
              ","4","3.02","3.02","-"
"dict"," ～￥999"," ～￥999","カフェ、パン・サンドイッチ（その他）、ケーキ","
                スターバックス・コーヒー 品川インターシティ店
              ","27","3.06","3.01","3.06"
"dict","￥4,000～￥4,999","null","パブ","
                ぺんじゃっく
              ","4","3.00","3.01","-"
"dict","￥1,000～￥1,999"," ～￥999","ラーメン、油そば","
                横浜道 品川港南口店
              ","8","3.04","3.00","3.04"
"dict","￥15,000～￥19,999","￥5,000～￥5,999","懐石・会席料理","
                泉岳寺門前 紋屋
              ","51","3.69","3.72","3.51"
"dict","null"," ～￥999","弁当","
                ほっかほっか亭 三田３丁目店
              ","2","-","-","-"
"dict"," ～￥999"," ～￥999","立ち食いそば、うどん、カレーライス","
                そば処　常盤軒
              ","93","3.16","3.04","3.17"
"dict","￥3,000～￥3,999","null","居酒屋、魚介料理・海鮮料理","
                海鮮東海
              ","7","3.01","3.01","-"
"dict"," ～￥999","￥1,000～￥1,999","その他","
                グランドキヨスク 品川
              ","4","3.02","3.00","3.02"
"dict"," ～￥999"," ～￥999","たこ焼き、かき氷","
                たこ焼き 楽甚
              ","15","3.00","3.03","3.00"
"dict","null"," ～￥999","その他","
                ファミリーマート 泉岳寺北店
              ","1","3.00","-","3.00"
"dict"," ～￥999"," ～￥999","洋菓子（その他）","
                鎌倉 豊島屋 ecute品川South店
              ","3","3.03","3.00","3.03"
"dict","null","￥1,000～￥1,999","焼肉、ホルモン","
                焼肉酒房燔家
              ","63","3.54","3.35","3.55"
"dict"," ～￥999"," ～￥999","ジュースバー","
                Caspinne ｅｃｕｔｅ品川店
              ","51","3.01","3.01","3.07"
"dict"," ～￥999"," ～￥999","サンドイッチ","
                メルヘン エキュート品川サウス店
              ","73","3.22","3.08","3.20"
"dict","￥3,000～￥3,999"," ～￥999","フレンチ、洋食、オムライス","
                アリス アクア ガーデン 品川
              ","17","3.07","3.03","3.07"
"dict"," ～￥999"," ～￥999","パン、ハンバーガー","
                ブーランジェリー アサノヤ / グリパン FOOD&TIME ISETAN アトレ品川店
              ","42","3.52","3.37","3.41"
"dict","￥5,000～￥5,999","null","バー","
                バブルズ バー
              ","6","3.06","3.06","-"
"dict","null"," ～￥999","そば、立ち食いそば","
                吉利庵
              ","274","3.00","3.07","3.00"
"dict","￥2,000～￥2,999","null","焼肉、ホルモン、バイキング","
                牛角 泉岳寺駅前店
              ","10","3.02","3.01","3.02"
"dict"," ～￥999"," ～￥999","ラーメン、つけ麺、餃子","
                らーめん 徳
              ","46","3.52","3.29","3.50"
"dict","￥15,000～￥19,999","null","寿司","
                和と寿司　秀
              ","7","3.07","-","3.08"
"dict","null"," ～￥999","カフェ、パン・サンドイッチ（その他）、ケーキ","
                エクセルシオール カフェ 品川イーストワンタワー店
              ","28","3.03","3.02","3.02"
"dict"," ～￥999"," ～￥999","ステーキ","
                ティーエヌミート ワークス プレミアム ビーフ&ワイン
              ","3","3.03","-","3.03"
"dict"," ～￥999"," ～￥999","カフェ、洋菓子（その他）、コーヒー専門店","
                サザコーヒー エキュート品川店
              ","101","3.38","3.08","3.36"
"dict","￥3,000～￥3,999","null","居酒屋、日本酒バー、焼酎バー","
                ざくろ坂下
              ","4","3.10","3.10","-"
"dict","￥3,000～￥3,999","￥1,000～￥1,999","天ぷら、天丼・天重、割烹・小料理","
                天ぷら つな八 ウィング高輪店
              ","37","3.16","3.14","3.08"
"dict","￥3,000～￥3,999","null","居酒屋、焼酎バー、ラーメン","
                一休
              ","5","3.02","3.02","-"
"dict","null"," ～￥999","パン","
                アトリエデリッシュ 三田伊皿子店
              ","4","3.05","-","3.05"
"dict"," ～￥999"," ～￥999","中華料理、ラーメン","
                大元
              ","44","3.18","3.09","3.12"
"dict","null","null","喫茶店","
                コーヒーの店高輪
              ","null","-","-","-"
"dict","￥3,000～￥3,999","null","居酒屋","
                浜路
              ","3","3.00","3.00","3.00"
"dict","￥1,000～￥1,999"," ～￥999","とんかつ、定食・食堂","
                とんかつ和幸 品川グランパサージュ店
              ","25","3.07","3.07","3.07"
"dict","￥2,000～￥2,999","null","居酒屋、魚介料理・海鮮料理、創作料理","
                くろ○ 品川高輪口駅前店
              ","20","3.00","3.01","3.02"
"dict","￥3,000～￥3,999","￥1,000～￥1,999","メキシコ料理、バー","
                el caliente modern mexicano
              ","189","3.58","3.58","3.50"
"dict","￥4,000～￥4,999","￥1,000～￥1,999","イタリアン、パスタ、カフェ","
                パンネビーノ ルミネ品川店
              ","72","3.10","3.08","3.12"
"dict","null"," ～￥999","ハンバーガー、カフェ、バル・バール","
                フレッシュネスバーガー 品川グランパサージュ店
              ","19","3.00","3.00","3.01"
"dict"," ～￥999","￥1,000～￥1,999","パン、洋食、カフェ","
                ザ・シティ・ベーカリー 品川
              ","312","3.58","3.50","3.58"
"dict"," ～￥999"," ～￥999","牛丼、親子丼、うどん","
                なか卯 三田店
              ","12","3.01","3.02","3.01"
"dict","null","￥1,000～￥1,999","弁当、焼肉","
                焼肉ふたご エキュート品川
              ","1","-","-","-"
"dict","￥1,000～￥1,999"," ～￥999","ラーメン、餃子","
                麺屋 空海 品川店
              ","38","3.13","3.07","3.11"
"dict","￥3,000～￥3,999"," ～￥999","居酒屋、定食・食堂","
                包丁や 品川東口店
              ","35","3.01","3.01","3.01"
"dict"," ～￥999"," ～￥999","パン、サンドイッチ、パン・サンドイッチ（その他）","
                アンデルセン エキュート品川サウス店
              ","93","3.14","3.08","3.11"
"dict","￥3,000～￥3,999","null","レストラン（その他）","
                びすとろ家 品川港南口店
              ","2","3.00","3.00","-"
"dict","￥5,000～￥5,999","null","天ぷら","
                小田原
              ","11","3.07","3.06","3.00"
"dict"," ～￥999"," ～￥999","パン、ケーキ","
                ブーランジュリーシナガワ
              ","4","3.05","3.03","3.04"
"dict"," ～￥999"," ～￥999","カフェ","
                スターバックス・コーヒー JR東海 品川駅ラチ内店
              ","28","3.06","3.02","3.06"
"dict","null"," ～￥999","寿司","
                鮨善 1号店
              ","14","3.05","3.06","3.01"
"dict","null"," ～￥999","寿司","
                鮨善　2号店
              ","12","3.02","3.00","3.02"
"dict","null"," ～￥999","洋食、ハンバーグ、居酒屋","
                舫吉
              ","5","3.00","-","3.01"
"dict"," ～￥999"," ～￥999","カフェ、サンドイッチ、ケーキ","
                BECK'S COFFEE SHOP 品川店
              ","35","3.07","3.07","3.07"
"dict","null"," ～￥999","チョコレート","
                ベルン エキュート品川サウス店
              ","16","3.49","3.07","3.48"
"dict","￥4,000～￥4,999","￥1,000～￥1,999","中華料理","
                HOI 品川駅前店
              ","9","3.08","-","3.08"
"dict","￥1,000～￥1,999","￥2,000～￥2,999","ケーキ、洋菓子（その他）","
                アトリエうかい エキュート品川
              ","27","3.44","3.09","3.38"
"dict","null","￥1,000～￥1,999","洋菓子（その他）","
                ヨックモック エキュート品川サウス
              ","17","3.07","3.01","3.07"
"dict","￥4,000～￥4,999","￥1,000～￥1,999","魚介料理・海鮮料理、居酒屋、和食（その他）","
                さかなさま
              ","3","3.02","3.03","-"
"dict","￥1,000～￥1,999"," ～￥999","定食・食堂、カフェ","
                品川キッチン
              ","15","3.03","3.00","3.03"
"dict"," ～￥999","￥1,000～￥1,999","コロッケ・フライ","
                神戸コロッケ エキュート品川サウス店
              ","28","3.04","3.04","3.03"
"dict","￥2,000～￥2,999"," ～￥999","そば、うどん、居酒屋","
                伊勢久
              ","15","3.07","3.01","3.08"
"dict","null"," ～￥999","ホルモン、もつ焼き、定食・食堂","
                路地裏
              ","243","3.58","3.55","3.58"
"dict","null"," ～￥999","その他","
                ニューデイズ 品川店
              ","null","-","-","-"
"dict"," ～￥999"," ～￥999","牛丼","
                すき家 港南二丁目店
              ","15","3.00","3.00","3.00"
"dict","￥15,000～￥19,999","￥4,000～￥4,999","フレンチ","
                ラ・クール・ド・コンマ
              ","21","3.52","-","3.57"
"dict","￥3,000～￥3,999","null","割烹・小料理、うなぎ、居酒屋","
                大衆割烹 香取
              ","4","3.03","3.04","-"
"dict","￥2,000～￥2,999","￥1,000～￥1,999","居酒屋","
                酔郷やぶ 高輪店
              ","8","3.00","3.01","3.01"
"dict","￥1,000～￥1,999"," ～￥999","ファミレス、中華料理","
                バーミヤン　 品川グランドコモンズ店
              ","16","3.02","3.02","3.00"
"dict","￥4,000～￥4,999","￥1,000～￥1,999","居酒屋、懐石・会席料理、日本酒バー","
                和食・酒 えん 品川ウィング高輪店
              ","73","3.56","3.56","3.26"
"dict"," ～￥999"," ～￥999","ファミレス、ハンバーグ、定食・食堂","
                ガスト グランドコモンズ店
              ","18","3.00","3.00","3.01"
"dict","￥3,000～￥3,999","null","その他","
                カラオケ ビッグエコー 品川港南口中央店
              ","2","3.00","3.00","-"
"dict","￥4,000～￥4,999","￥1,000～￥1,999","郷土料理（その他）、割烹・小料理、魚介料理・海鮮料理","
                あきた美彩館
              ","116","3.58","3.56","3.54"
"dict"," ～￥999","null","カフェ","
                フォーユー
              ","2","3.04","-","3.04"
"dict","￥1,000～￥1,999","￥1,000～￥1,999","ビアバー","
                アンテナ アメリカ
              ","20","3.06","3.06","3.06"
"dict","￥4,000～￥4,999","￥2,000～￥2,999","中華料理、バイキング","
                中国料理バイキング 孫悟空
              ","24","3.10","3.09","3.07"
"dict","￥2,000～￥2,999","null","居酒屋、魚介料理・海鮮料理、創作料理","
                笑笑 品川高輪口駅前店
              ","12","3.01","3.01","-"
"dict","￥2,000～￥2,999","null","ダイニングバー、居酒屋、イタリアン","
                プロント 野村不動産天王洲ビル店
              ","4","3.01","-","3.01"
"dict","null"," ～￥999","カフェ","
                ナナズ グリーン ティー 高輪east店
              ","14","3.03","3.03","3.02"
"dict","null"," ～￥999","定食・食堂","
                大戸屋 品川グランパサージュ店
              ","26","3.07","3.06","3.07"
"dict","null","￥1,000～￥1,999","和菓子、その他","
                義士堂 小泉商店
              ","1","3.00","-","3.00"
"dict"," ～￥999"," ～￥999","ケーキ","
                京橋千疋屋 エキュート品川サウス店
              ","40","3.08","3.06","3.08"
"dict","￥1,000～￥1,999"," ～￥999","ラーメン、つけ麺、餃子","
                越後秘蔵麺 無尽蔵 しながわ家
              ","78","3.10","3.08","3.09"
"dict","￥8,000～￥9,999","￥5,000～￥5,999","寿司","
                日本橋
              ","17","3.30","3.20","3.21"
"dict","null"," ～￥999","鳥料理","
                チキンナンバーバイツカダノウジョウ
              ","1","3.02","-","3.03"
"dict","￥3,000～￥3,999","null","バル・バール、ビアバー、ダイニングバー","
                GLASS DANCE 品川
              ","44","3.00","3.01","-"
"dict","null","￥1,000～￥1,999","西洋各国料理（その他）、バイキング","
                サムシング デリシャス
              ","10","3.00","-","3.01"
"dict","￥1,000～￥1,999"," ～￥999","お好み焼き、ハンバーグ、ステーキ","
                ア・ビアント ウィング高輪店
              ","48","3.00","3.01","3.01"
"dict"," ～￥999"," ～￥999","そば、うどん","
                ゆで太郎 高輪店
              ","24","3.03","3.02","3.03"
"dict","￥3,000～￥3,999"," ～￥999","インド料理、インドカレー、居酒屋","
                マハラジャ 品川グランパサージュ店
              ","36","3.08","3.08","3.08"
"dict","￥2,000～￥2,999"," ～￥999","居酒屋、定食・食堂、韓国料理","
                季節料理　酔郷やぶ
              ","26","3.00","3.01","3.00"
"dict","￥2,000～￥2,999","null","居酒屋","
                竹花
              ","6","3.00","3.01","-"
"dict","￥1,000～￥1,999","￥1,000～￥1,999","洋食、ハンバーグ、ステーキ","
                つばめキッチン アトレ品川店
              ","151","3.52","3.23","3.51"
"dict","null","￥1,000～￥1,999","その他","
                京急EXイン高輪
              ","2","3.01","-","3.01"
"dict","￥1,000～￥1,999","null","弁当、寿司","
                築地 竹若 エキュート品川店
              ","3","-","-","-"
"dict"," ～￥999"," ～￥999","うどん、串揚げ・串かつ、丼もの（その他）","
                伊吹や製麺 品川シーズンテラス店
              ","11","3.05","3.05","3.05"
"dict","￥3,000～￥3,999","null","居酒屋","
                隠れ家居酒屋 とまとの部屋
              ","2","3.03","3.03","-"
"dict","￥4,000～￥4,999","null","くじら料理、居酒屋","
                大衆酒場 鳥徳
              ","15","3.01","3.01","-"
"dict","￥1,000～￥1,999"," ～￥999","ビアバー、ワインバー、デリカテッセン","
                ファーマーズ グリーン
              ","2","3.02","3.00","3.03"
"dict","null"," ～￥999","その他","
                ギフトキヨスク品川
              ","2","3.01","3.01","3.01"
"dict","￥3,000～￥3,999","￥2,000～￥2,999","バー、バー・お酒（その他）","
                モンド・バー 品川店
              ","46","3.08","3.08","3.08"
"dict","￥1,000～￥1,999"," ～￥999","ラーメン","
                金澤濃厚豚骨ラーメン 神仙 品川品達店
              ","60","3.09","3.19","3.00"
"dict","￥1,000～￥1,999"," ～￥999","寿司","
                ちよだ鮨 ピーコック三田伊皿子店
              ","2","3.01","-","3.02"
"dict","￥6,000～￥7,999","null","和食（その他）、中華料理","
                高輪 和彊館
              ","4","3.03","3.03","-"
"dict","null","￥1,000～￥1,999","そば","
                高輪蕎麦茶房
              ","2","3.04","-","3.04"
"dict","￥1,000～￥1,999"," ～￥999","定食・食堂、洋食、ちゃんぽん","
                のものレストラン みやこ 品川店
              ","60","3.00","3.01","3.01"
"dict","￥1,000～￥1,999","null","寿司","
                若廣
              ","2","3.04","3.04","-"
"dict","null"," ～￥999","スイーツ（その他）","
                feve アトレ品川店
              ","10","3.04","3.05","3.00"
"dict","null"," ～￥999","魚介料理・海鮮料理、天ぷら・揚げ物（その他）、定食・食堂","
                築地食堂 源ちゃん 品川シーズンテラス店
              ","19","3.08","3.00","3.11"
"dict","null"," ～￥999","コーヒー専門店、パン・サンドイッチ（その他）、ベーグル","
                セレイア
              ","3","3.01","-","3.02"
"dict"," ～￥999","null","立ち飲み居酒屋・バー","
                大平屋酒店
              ","15","3.05","3.05","3.02"
"dict","￥2,000～￥2,999"," ～￥999","ファミレス、和食（その他）","
                夢庵 品川グランドコモンズ店
              ","15","3.02","3.02","3.00"
"dict","￥3,000～￥3,999"," ～￥999","タイ料理、タイカレー、バー・お酒（その他）","
                ラックタイ 品川高輪口店
              ","120","3.20","3.12","3.18"
"dict","￥2,000～￥2,999"," ～￥999","焼鳥、居酒屋、定食・食堂","
                鳥一 駅前店
              ","26","3.10","3.12","3.01"
"dict","￥2,000～￥2,999","null","居酒屋","
                ゼータ・つるや
              ","6","3.00","3.00","-"
"dict","￥2,000～￥2,999"," ～￥999","居酒屋、定食・食堂","
                升屋 品川店
              ","43","3.08","3.10","3.01"
"dict"," ～￥999","null","その他","
                ローソン 三田四丁目店
              ","1","3.02","3.02","-"
"dict","￥2,000～￥2,999","￥1,000～￥1,999","カフェ、ビアガーデン","
                ポート・オブ・パイレーツ
              ","3","3.02","3.01","3.02"
"dict","￥4,000～￥4,999","null","居酒屋","
                越後宝山 品川店
              ","2","3.00","3.00","-"
"dict","￥2,000～￥2,999","null","洋食・欧風料理（その他）、魚介料理・海鮮料理、居酒屋","
                チチュウカイ ウオマル
              ","11","3.04","3.05","3.02"
"dict","￥3,000～￥3,999","null","居酒屋、焼鳥、炭火焼き","
                石志ちゃん 品川店
              ","14","3.05","3.05","-"
"dict","￥3,000～￥3,999","￥1,000～￥1,999","フレンチ","
                樫ノ木
              ","12","3.08","3.04","3.09"
"dict","null","null","その他","
                高輪ゴルフプラザ
              ","null","-","-","-"
"dict","null","null","弁当、デリカテッセン","
                華家名彩 京急品川店
              ","null","-","-","-"
"dict"," ～￥999"," ～￥999","カフェ、ケーキ、パン・サンドイッチ（その他）","
                ドトールコーヒーショップ アレア品川店
              ","27","3.06","3.00","3.07"
"dict","null"," ～￥999","牛丼、カレーライス、定食・食堂","
                すき家 芝浦四丁目店
              ","9","3.00","3.01","3.00"
"dict","￥3,000～￥3,999"," ～￥999","居酒屋、ちゃんぽん、定食・食堂","
                九州酒場 品川店
              ","19","3.25","3.25","3.00"
"dict"," ～￥999","￥1,000～￥1,999","カフェ、ケーキ、西洋各国料理（その他）","
                カフェ ダール
              ","64","3.30","3.02","3.30"
"dict","￥2,000～￥2,999","null","和食（その他）、居酒屋","
                きらく家庭料理店
              ","4","3.00","3.00","-"
"dict","￥1,000～￥1,999","￥1,000～￥1,999","豚料理","
                東京トンテキ 品川港南口店
              ","15","3.20","3.05","3.20"
"dict"," ～￥999","null","カフェ、パスタ、パン・サンドイッチ（その他）","
                タリーズコーヒー ソニーシティ内店
              ","13","3.03","-","3.03"
"dict","￥6,000～￥7,999","null","割烹・小料理","
                銀座 松鶴
              ","8","3.05","-","3.06"
"dict","￥10,000～￥14,999","￥10,000～￥14,999","洋食","
                クルーザー バトークレール
              ","null","-","-","-"
"dict"," ～￥999"," ～￥999","カフェ・喫茶（その他）、パン","
                セプテンバー ロースト コーヒー
              ","12","3.14","3.07","3.13"
"dict"," ～￥999"," ～￥999","カレーライス","
                ゴーゴーカレー 京急品川スタジアム
              ","34","3.07","3.07","3.06"
"dict","￥3,000～￥3,999","null","バー","
                大黒
              ","1","3.03","3.04","-"
"dict"," ～￥999"," ～￥999","そば","
                ゆで太郎 芝浦4丁目店
              ","11","3.03","3.01","3.03"
"dict","￥3,000～￥3,999"," ～￥999","居酒屋、焼鳥、定食・食堂","
                やきとり鳥一 支店
              ","22","3.14","3.05","3.27"
"dict","￥3,000～￥3,999","￥1,000～￥1,999","焼肉、ホルモン","
                食道苑
              ","3","3.01","3.01","-"
"dict"," ～￥999","￥1,000～￥1,999","その他","
                煙事 ecute品川店
              ","24","3.14","3.08","3.12"
"dict","null","null","しゃぶしゃぶ","
                味街道五十三次 しゃぶしゃぶ藤川
              ","null","-","-","-"
"dict","￥1,000～￥1,999","￥1,000～￥1,999","弁当、懐石・会席料理、和食（その他）","
                なだ万 厨房 スタティオ エキュート品川店
              ","35","3.21","3.07","3.20"
"dict","￥6,000～￥7,999","￥4,000～￥4,999","フレンチ、カフェ・喫茶（その他）、洋食","
                ラウンジアンドダイニング ジー
              ","101","3.58","3.54","3.58"
"dict","￥3,000～￥3,999"," ～￥999","鳥料理、郷土料理（その他）、居酒屋","
                風来坊 品川店
              ","70","3.08","3.08","3.00"
"dict"," ～￥999"," ～￥999","日本茶専門店","
                加賀棒茶 丸八製茶場 エキュート品川店
              ","15","3.17","3.05","3.16"
"dict","null"," ～￥999","寿司","
                魚勢
              ","5","3.02","3.03","3.00"
"dict","null","￥1,000～￥1,999","ピザ、パスタ","
                ピッツェリア1830 品川キッチンフードコート
              ","13","3.02","3.07","3.00"
"dict","￥3,000～￥3,999","￥1,000～￥1,999","もつ鍋、居酒屋、郷土料理（その他）","
                やまや 品川店
              ","165","3.30","3.09","3.50"
"dict","￥8,000～￥9,999","￥2,000～￥2,999","串揚げ・串かつ、懐石・会席料理","
                味街道 五十三次
              ","29","3.20","3.13","3.16"
"dict","null","null","焼鳥","
                俵やDining 泉岳寺駅前店
              ","null","-","-","-"
"dict","￥2,000～￥2,999","￥1,000～￥1,999","インド料理、インドカレー","
                デヴィ フュージョン
              ","38","3.30","3.23","3.17"
"dict","￥3,000～￥3,999"," ～￥999","焼肉、居酒屋、ホルモン","
                とんとん
              ","33","3.25","3.12","3.27"
"dict","￥2,000～￥2,999","null","焼鳥、もつ焼き、居酒屋","
                丸見屋
              ","11","3.19","3.19","-"
"dict","￥1,000～￥1,999","null","居酒屋、餃子","
                居酒屋　品川亭
              ","9","3.00","3.00","-"
"dict","￥2,000～￥2,999","null","居酒屋、焼鳥、ダイニングバー","
                やきとり家 すみれ 品川店
              ","8","3.05","3.05","-"
"dict"," ～￥999"," ～￥999","ダイニングバー、居酒屋、イタリアン","
                プロント 品川インターシティー店
              ","20","3.06","3.06","3.06"
"dict"," ～￥999"," ～￥999","豚丼、定食・食堂、中華料理","
                伝説のすた丼屋 品川店
              ","171","3.09","3.08","3.08"
"dict","￥2,000～￥2,999","null","お好み焼き、もんじゃ焼き","
                もんきち
              ","16","3.05","3.04","3.05"
"dict"," ～￥999","￥1,000～￥1,999","ケーキ","
                ダロワイヨ ecute品川店
              ","46","3.08","3.07","3.08"
"dict","￥1,000～￥1,999","null","焼鳥","
                鳥一 本店
              ","18","3.00","3.01","-"
"dict","null"," ～￥999","タイ料理","
                THAIMURA
              ","1","3.00","-","3.00"
"dict","￥4,000～￥4,999"," ～￥999","ろばた焼き、居酒屋、割烹・小料理","
                炉ばた焼き 酒肆 大関
              ","44","3.51","3.07","3.56"
"dict","null","￥1,000～￥1,999","カフェ、ケーキ","
                白金台アリスガーデン
              ","7","3.00","-","3.00"
"dict","￥3,000～￥3,999","null","バー","
                bar segredo
              ","14","3.08","3.09","-"
"dict","￥3,000～￥3,999"," ～￥999","しゃぶしゃぶ、からあげ、居酒屋","
                ばりしゃぶ 品川本店
              ","6","3.07","3.06","3.08"
"dict","￥1,000～￥1,999"," ～￥999","パン","
                ポンパドウル ウイング高輪EAST店
              ","14","3.06","3.07","3.06"
"dict","￥3,000～￥3,999","null","居酒屋、魚介料理・海鮮料理、定食・食堂","
                はなの舞 品川港南口店
              ","12","3.00","3.01","3.00"
"dict","null"," ～￥999","焼肉、定食・食堂、ホルモン","
                路地や 
              ","17","3.04","3.02","3.05"
"dict","￥2,000～￥2,999","null","居酒屋、魚介料理・海鮮料理、創作料理","
                笑笑 品川港南口駅前店
              ","4","3.00","3.00","-"
"dict"," ～￥999"," ～￥999","ハンバーガー、カフェ","
                マクドナルド 高輪ウイング店
              ","38","3.02","3.02","3.01"
"dict"," ～￥999"," ～￥999","ラーメン、つけ麺、餃子","
                せたが屋 品川店
              ","530","3.58","3.51","3.58"
"dict","￥1,000～￥1,999"," ～￥999","たこ焼き、居酒屋","
                銀だこ大衆酒場 品川港南口店
              ","4","3.05","-","3.05"
"dict"," ～￥999"," ～￥999","和菓子","
                清月堂本店 ウィング高輪　EAST店
              ","3","3.00","3.00","3.00"
"dict","￥2,000～￥2,999"," ～￥999","居酒屋、焼鳥、串焼き","
                旬鮮酒場天狗 品川東口店
              ","35","3.00","3.01","3.06"
"dict"," ～￥999"," ～￥999","その他","
                クイーンズ伊勢丹 品川店
              ","5","3.01","3.01","3.01"
"dict","￥3,000～￥3,999"," ～￥999","ダイニングバー、ワインバー","
                アドバンテージ
              ","4","3.02","-","3.02"
"dict","￥8,000～￥9,999","null","和食（その他）、懐石・会席料理","
                品川
              ","13","3.00","3.06","3.01"
"dict"," ～￥999"," ～￥999","パン、サンドイッチ、ドーナツ","
                ブーランジェリー ラ・テール ecute品川south店 
              ","188","3.54","3.44","3.52"
"dict","￥4,000～￥4,999","null","居酒屋","
                川忠
              ","3","3.00","3.01","-"
"dict"," ～￥999"," ～￥999","立ち飲み居酒屋・バー、立ち食いそば","
                ふじ
              ","62","3.09","3.08","3.07"
"dict","null"," ～￥999","その他","
                ドクターズ ハーブ ティー
              ","1","3.01","-","3.02"
"dict","￥5,000～￥5,999","￥1,000～￥1,999","居酒屋、魚介料理・海鮮料理、日本酒バー","
                八吉 アレア品川店
              ","3","3.04","3.04","3.00"
"dict","null"," ～￥999","弁当","
                ランチハウス 北品川店
              ","null","-","-","-"
"dict","￥8,000～￥9,999","null","屋形船・クルージング","
                ゑびや
              ","1","3.00","3.00","-"
"dict"," ～￥999"," ～￥999","その他","
                セブンイレブン 品川駅港南口店
              ","1","3.00","3.00","-"
"dict"," ～￥999"," ～￥999","飲茶・点心、肉まん・中華まん、弁当","
                崎陽軒 京急品川駅下りホーム店
              ","30","3.07","3.07","3.07"
"dict","null","null","寿司","
                潮 アトレ品川
              ","null","-","-","-"
"dict"," ～￥999"," ～￥999","ラーメン、つけ麺、餃子","
                らぁめんや 風神
              ","89","3.08","3.09","3.01"
"dict","null"," ～￥999","定食・食堂、学生食堂","
                東京海洋大学　生協食堂
              ","9","3.05","-","3.05"
"dict","￥1,000～￥1,999"," ～￥999","北京料理、ラーメン、定食・食堂","
                北京飯店 東品川店
              ","12","3.04","3.03","3.05"
"dict","￥3,000～￥3,999","null","焼鳥","
                鳥一 山海 
              ","4","3.02","3.02","-"
"dict","￥2,000～￥2,999","null","居酒屋、焼鳥、焼きとん","
                居酒屋 あじと 高輪泉岳寺前
              ","2","3.04","3.00","3.04"
"dict","￥2,000～￥2,999","￥1,000～￥1,999","豚料理、居酒屋、ホルモン","
                やきとん チャールストン 品川シーズンテラス店
              ","22","3.12","3.00","3.23"
"dict"," ～￥999"," ～￥999","パン、ケーキ","
                八天堂 品川店
              ","320","3.54","3.40","3.52"
"dict"," ～￥999"," ～￥999","弁当、飲茶・点心","
                桂林 常菜房 エキュート品川サウス店
              ","34","3.39","3.30","3.12"
"dict","null"," ～￥999","その他","
                ニューデイズ ミニ品川11号
              ","null","-","-","-"
"dict","￥4,000～￥4,999","￥1,000～￥1,999","イタリアン、ワインバー","
                カッフェ・クラシカ
              ","239","3.58","3.57","3.58"
"dict","null"," ～￥999","カフェ","
                セガフレード・ザネッティ 泉岳寺店
              ","7","3.00","-","3.00"
"dict","￥3,000～￥3,999"," ～￥999","居酒屋、郷土料理（その他）、もつ鍋","
                九州味巡り ここの 品川インターシティ店
              ","4","3.00","3.00","3.00"
"dict","￥3,000～￥3,999"," ～￥999","居酒屋、郷土料理（その他）、創作料理","
                素材屋 品川インターシティ店
              ","22","3.02","3.01","3.04"
"dict","￥1,000～￥1,999"," ～￥999","定食・食堂、そば・うどん・麺類（その他）、中華麺（その他）","
                一休食堂
              ","87","3.53","3.09","3.53"
"dict","￥2,000～￥2,999","null","居酒屋、魚介料理・海鮮料理、創作料理","
                魚民 泉岳寺駅前店
              ","2","3.00","3.00","3.00"
"dict","null"," ～￥999","その他","
                ローソン+スリーエフ LTF港区港南三丁目店
              ","null","-","-","-"
"dict","￥3,000～￥3,999","null","焼鳥","
                古登代
              ","3","3.03","3.03","-"
"dict","￥2,000～￥2,999","null","割烹・小料理","
                憩
              ","null","-","-","-"
"dict"," ～￥999"," ～￥999","洋菓子（その他）","
                ワビサ エキュート品川サウス店
              ","13","3.07","3.00","3.07"
"dict"," ～￥999"," ～￥999","和菓子","
                銀座甘楽 ecute品川店
              ","12","3.20","3.03","3.20"
"dict"," ～￥999","￥1,000～￥1,999","その他","
                OLiVO ecute品川店
              ","6","3.03","3.03","3.02"
"dict"," ～￥999"," ～￥999","弁当、とんかつ","
                塚田農場 オベントウ&デリ
              ","40","3.16","3.07","3.15"
"dict","￥1,000～￥1,999"," ～￥999","弁当、おにぎり","
                駅弁屋　品川宿
              ","53","3.46","3.08","3.44"
"dict","null"," ～￥999","その他","
                アクアショップ ルーチェ
              ","2","3.01","-","3.01"
"dict","￥2,000～￥2,999"," ～￥999","居酒屋、焼鳥、焼酎バー","
                楽市 泉岳寺駅前店
              ","10","3.01","-","3.01"
"dict","null"," ～￥999","その他","
                セブンイレブン 品川イーストワンタワー店
              ","null","-","-","-"
"dict","null"," ～￥999","ハンバーガー、サンドイッチ、カフェ","
                カフェ ド クリエ 品川グランドセントラルタワー店
              ","15","3.06","3.00","3.06"
"dict"," ～￥999"," ～￥999","つけ麺、ラーメン","
                玉
              ","72","3.56","3.50","3.53"
"dict","￥4,000～￥4,999"," ～￥999","沖縄料理、カフェ、沖縄そば","
                サンサン
              ","11","3.05","3.04","3.05"
"dict","null"," ～￥999","その他","
                フェルミエ 品川店
              ","8","3.07","3.07","3.08"
"dict"," ～￥999"," ～￥999","和菓子、洋菓子（その他）","
                空いろ エキュート品川店
              ","68","3.40","3.09","3.37"
"dict","￥3,000～￥3,999","￥1,000～￥1,999","居酒屋、割烹・小料理、日本酒バー","
                ぬる燗佐藤 御殿山茶寮
              ","115","3.58","3.58","3.45"
"dict","￥1,000～￥1,999","￥1,000～￥1,999","ラーメン、中華麺（その他）、餃子","
                元祖ニュータンタンメン本舗 品川店
              ","83","3.43","3.35","3.30"
"dict"," ～￥999"," ～￥999","牛丼、居酒屋、定食・食堂","
                吉野家 品川駅港南口店 
              ","35","3.01","3.01","3.01"
"dict","null"," ～￥999","中華料理","
                絵芙
              ","20","3.05","3.05","3.03"
"dict","null"," ～￥999","喫茶店、カレーライス、丼もの（その他）","
                cafe DALI
              ","39","3.00","3.01","3.08"
"dict","￥6,000～￥7,999","null","カフェ","
                GolfCafe Rubens
              ","1","-","-","-"
"dict","null"," ～￥999","旅館・オーベルジュ（その他）","
                京急EXイン 大森海岸駅前
              ","2","3.04","-","3.05"
"dict"," ～￥999"," ～￥999","焼鳥、弁当","
                鶏と玉子 太郎
              ","16","3.34","3.23","3.14"
"dict","￥15,000～￥19,999","null","その他","
                京急EXイン 品川駅前
              ","11","3.04","3.03","3.04"
"dict"," ～￥999"," ～￥999","デリカテッセン","
                RF1 エキュート品川サウス店
              ","18","3.06","3.03","3.06"
"dict","￥2,000～￥2,999","null","レストラン（その他）","
                卯
              ","2","3.00","3.01","-"
"dict","￥3,000～￥3,999","null","オイスターバー、イタリアン、創作料理","
                Cafe＆Wine　F.O.T
              ","7","3.04","3.04","3.00"
"dict","￥15,000～￥19,999","￥8,000～￥9,999","旅館・オーベルジュ（その他）、その他","
                品川プリンスホテル
              ","52","3.07","3.07","3.07"
"dict","￥1,000～￥1,999","￥1,000～￥1,999","そば、うどん、丼もの（その他）","
                松風
              ","23","3.27","3.04","3.27"
"dict","￥3,000～￥3,999","￥1,000～￥1,999","カフェ、イタリアン、バル・バール","
                高輪バール・デルソーレ
              ","126","3.23","3.21","3.09"
"dict","￥4,000～￥4,999","null","鉄板焼き","
                うめ月
              ","1","-","-","-"
"dict","￥1,000～￥1,999"," ～￥999","ダイニングバー、カフェ、パスタ","
                プロント 品川駅高輪口店
              ","10","3.01","-","3.01"
"dict"," ～￥999","￥1,000～￥1,999","バームクーヘン、洋菓子（その他）","
                ちいさなバーム・ツリー ねんりん家より  JR品川駅店
              ","116","3.38","3.08","3.38"
"dict","null"," ～￥999","カフェ・喫茶（その他）","
                カフェ ド シネマ
              ","2","3.00","-","3.00"
"dict","null","null","その他","
                セブンイレブン 東品川1丁目店
              ","null","-","-","-"
"dict"," ～￥999"," ～￥999","デリカテッセン、コロッケ・フライ","
                V PALETTE 品川店
              ","23","3.09","3.09","3.04"
"dict","￥2,000～￥2,999","￥1,000～￥1,999","お好み焼き、焼きそば","
                お好み焼 きじ 品川店
              ","308","3.59","3.58","3.59"
"dict"," ～￥999"," ～￥999","ハンバーガー","
                マクドナルド 品川インターシティ店
              ","23","3.00","3.00","3.01"
"dict"," ～￥999"," ～￥999","とんかつ、サンドイッチ、弁当","
                とんかつ まい泉 エキュート品川店
              ","57","3.23","3.07","3.23"
"dict","null","￥1,000～￥1,999","カフェ、カレーライス","
                カレーショップシエール
              ","18","3.08","3.01","3.09"
"dict","￥1,000～￥1,999"," ～￥999","中華料理、担々麺","
                東興飯店
              ","26","3.08","3.04","3.10"
"dict","￥3,000～￥3,999","null","居酒屋、魚介料理・海鮮料理、鳥料理","
                山内農場 品川港南口駅前店
              ","null","-","-","-"
"dict","￥1,000～￥1,999","￥1,000～￥1,999","タイ料理","
                サイアムセラドン 品川店
              ","41","3.53","3.41","3.50"
"dict"," ～￥999","null","お好み焼き、焼きそば、鉄板焼き","
                お好み焼き・鉄板焼き 楽甚
              ","15","3.00","3.00","3.00"
"dict","￥6,000～￥7,999","null","沖縄料理、創作料理","
                アダン
              ","7","3.04","3.04","-"
"dict","￥2,000～￥2,999","￥1,000～￥1,999","自然食、ハンバーガー、おにぎり","
                アズナチュラルキッチン
              ","null","-","-","-"
"dict"," ～￥999"," ～￥999","和菓子","
                ふるや古賀音庵 ecute品川店
              ","32","3.12","3.08","3.09"
"dict","￥2,000～￥2,999","null","和食（その他）、居酒屋","
                包丁や 品川駅前4F店
              ","10","3.00","3.01","-"
"dict","￥5,000～￥5,999","null","その他","
                ザ ランドマークスクエア トーキョー
              ","5","3.00","3.00","-"
"dict"," ～￥999"," ～￥999","その他","
                ファミリーマート 品川港南口店
              ","null","-","-","-"
"dict","￥2,000～￥2,999","null","バル・バール、居酒屋、バー","
                品川ハイボールバー
              ","13","3.03","3.00","3.04"
"dict"," ～￥999"," ～￥999","ラーメン、つけ麺、餃子","
                なんつッ亭 品川店
              ","502","3.58","3.52","3.55"
"dict","null","￥1,000～￥1,999","カフェ、洋菓子（その他）","
                マホズテーブル
              ","5","3.10","3.08","3.08"
"dict","null"," ～￥999","その他","
                ファミマ 品川シーズンテラス店
              ","1","3.01","-","3.01"
"dict","￥1,000～￥1,999"," ～￥999","その他","
                フーズアンドタイムイセタン アトレ品川
              ","8","3.07","3.07","3.02"
"dict","￥2,000～￥2,999","null","居酒屋、焼鳥、串揚げ・串かつ","
                三代目 鳥メロ 品川港南口店
              ","1","3.02","3.02","-"
"dict","￥1,000～￥1,999","￥1,000～￥1,999","欧風カレー、カレーライス、からあげ","
                欧風カレー ドンピエール ジェット
              ","21","3.03","3.03","3.01"
"dict","null"," ～￥999","その他","
                ナチュラルローソン 品川インターシティー店
              ","10","3.00","-","3.01"
"dict"," ～￥999"," ～￥999","パン、サンドイッチ、ビアバー","
                breadworks エキュート品川
              ","158","3.58","3.47","3.57"
"dict","￥1,000～￥1,999","￥1,000～￥1,999","洋菓子（その他）","
                テラ・セゾン 品川エキュート サウス店
              ","16","3.06","3.03","3.06"
"dict","￥6,000～￥7,999","null","焼鳥、おでん","
                亀山
              ","9","3.05","3.05","-"
"dict"," ～￥999"," ～￥999","牛丼","
                すき家 高輪三丁目店
              ","14","3.00","3.01","3.00"
"dict","null"," ～￥999","カフェ","
                ブルーボトルコーヒー 品川カフェ
              ","69","3.09","3.07","3.09"
"dict","￥8,000～￥9,999","null","日本酒バー、バー","
                酒茶論
              ","115","3.57","3.57","3.02"
"dict"," ～￥999"," ～￥999","その他","
                カルディコーヒーファーム ウィング高輪EAST店
              ","4","3.03","3.00","3.03"
"dict"," ～￥999"," ～￥999","おにぎり","
                おにぎり処 こんがりや ecute品川店
              ","58","3.17","3.12","3.09"
"dict","￥6,000～￥7,999","null","割烹・小料理","
                宝亭
              ","6","3.08","3.09","-"
"dict","null"," ～￥999","居酒屋、定食・食堂","
                包丁や 品川駅前5F店
              ","22","3.12","3.14","3.01"
"dict","￥6,000～￥7,999","￥1,000～￥1,999","割烹・小料理、定食・食堂","
                青田
              ","33","3.52","3.36","3.54"
"dict"," ～￥999"," ～￥999","そば、天ぷら","
                みとう庵 品川シーズンテラス
              ","11","3.06","3.04","3.05"
"dict"," ～￥999"," ～￥999","その他","
                ファミマ!! ファミマ 品川フロントビル店
              ","null","-","-","-"
"dict","￥3,000～￥3,999"," ～￥999","パブ、カフェ、ビアバー","
                ダブリナーズ　カフェ＆パブ 品川店
              ","42","3.06","3.02","3.06"
"dict","null","￥1,000～￥1,999","バイキング、洋食・欧風料理（その他）、ステーキ","
                ラ・ベランダ アパホテル〈品川 泉岳寺駅前〉
              ","4","3.05","-","3.06"
"dict"," ～￥999"," ～￥999","その他","
                ローソン 品川駅中央口店
              ","2","3.00","3.00","3.00"
"dict","￥3,000～￥3,999","null","居酒屋","
                ルート
              ","3","3.00","-","3.00"
"dict","￥2,000～￥2,999","null","バー、スポーツバー、イタリアン","
                IRISH PUB CELTS 品川港南口店
              ","12","3.04","3.04","3.00"
"dict"," ～￥999"," ～￥999","うどん","
                京うどん　夢吟坊 品川キッチンフードコート
              ","16","3.08","3.09","3.03"
"dict","￥2,000～￥2,999","￥1,000～￥1,999","寿司、海鮮丼","
                築地玉寿司 ウィング高輪店
              ","36","3.09","3.07","3.17"
"dict","￥1,000～￥1,999","￥1,000～￥1,999","カフェ、洋菓子（その他）、バー・お酒（その他）","
                ワイアード カフェ 品川
              ","61","3.07","3.00","3.08"
"dict","null"," ～￥999","コーヒー専門店、カフェ","
                タリーズコーヒー 品川インターシティ店
              ","8","3.03","-","3.03"
"dict","￥5,000～￥5,999","￥1,000～￥1,999","イタリアン、パスタ","
                エノテーカ  イプリミ ギンザ 品川店
              ","26","3.07","3.01","3.08"
"dict"," ～￥999"," ～￥999","立ち食いそば、うどん","
                そば処 えきめんや 品川店
              ","85","3.13","3.09","3.11"
"dict","￥1,000～￥1,999"," ～￥999","和菓子","
                雅庵 エキュート品川サウス店
              ","85","3.54","3.22","3.53"
"dict","￥3,000～￥3,999"," ～￥999","洋食、パブ、定食・食堂","
                泉岳寺パブレストラン いしかわ
              ","11","3.07","3.05","3.07"
"dict"," ～￥999"," ～￥999","おにぎり、郷土料理（その他）","
                百千
              ","61","3.50","3.18","3.47"
"dict","null"," ～￥999","居酒屋、割烹・小料理","
                赤乃れん 高輪店
              ","4","3.04","3.01","3.05"
"dict","null"," ～￥999","洋菓子（その他）","
                マザー セツコ 本店
              ","2","3.04","-","3.04"
"dict","￥5,000～￥5,999"," ～￥999","魚介料理・海鮮料理、居酒屋、レストラン（その他）","
                北陸王 品川店
              ","24","3.05","3.05","3.02"
"dict","￥3,000～￥3,999","null","ラウンジ、バー","
                トップ ・オブ ・シナガワ ・イーストラウンジ＆ウエストラウンジ 
              ","22","3.04","3.04","3.02"
"dict","￥8,000～￥9,999","￥2,000～￥2,999","鉄板焼き","
                三条
              ","15","3.24","3.24","3.04"
"dict","null"," ～￥999","ハンバーガー、アメリカ料理、サンドイッチ","
                BAN BURGER 品川港南口
              ","1","3.04","-","3.04"
"dict"," ～￥999"," ～￥999","パン、サンドイッチ、カフェ","
                PAUL 品川駅店
              ","273","3.58","3.52","3.58"
"dict","￥1,000～￥1,999"," ～￥999","つけ麺、ラーメン、台湾まぜそば","
                つけめんTETSU 品川店
              ","671","3.58","3.53","3.55"
"dict","null","null","懐石・会席料理","
                正
              ","3","3.03","3.03","-"
"dict","￥1,000～￥1,999","￥1,000～￥1,999","インド料理、インドカレー、パキスタン料理","
                シターラ・ダイナー エキュート品川店
              ","293","3.58","3.58","3.58"
"dict","null","￥2,000～￥2,999","うなぎ","
                いき わだ市
              ","1","3.00","-","3.00"
"dict"," ～￥999"," ～￥999","カフェ、パン、サンドイッチ","
                サンマルクカフェ 品川インターシティ店
              ","32","3.07","3.06","3.06"
"dict","￥1,000～￥1,999","￥1,000～￥1,999","その他、スイーツ（その他）","
                セゾン ファクトリー エキュート品川店
              ","7","3.07","3.03","3.07"
"dict","null","null","ラウンジ","
                ビジネスラウンジ  リージャス品川イーストワンタワー
              ","1","-","-","-"
"dict","null"," ～￥999","定食・食堂","
                ローズキッチン 品川店
              ","8","3.00","-","3.00"
"dict","null"," ～￥999","カフェ・喫茶（その他）","
                cisca 三田店
              ","2","3.03","-","3.03"
"dict","￥1,000～￥1,999"," ～￥999","デリカテッセン、パン、カフェ","
                ディーン＆デルーカ マーケットストア 品川
              ","249","3.56","3.21","3.55"
"dict"," ～￥999"," ～￥999","焼肉、丼もの（その他）、韓国料理","
                焼肉重・ビビンバ重　叙々苑キッチン
              ","33","3.17","3.14","3.08"
"dict","null"," ～￥999","ケーキ","
                ベラズ カップケーキ
              ","10","3.09","-","3.09"
"dict","￥1,000～￥1,999","￥1,000～￥1,999","弁当、デリカテッセン","
                てとて ecute品川店
              ","32","3.42","3.17","3.28"
"dict"," ～￥999","￥1,000～￥1,999","弁当、デリカテッセン","
                メイドインジャパン つばめグリル エキュート品川店
              ","58","3.24","3.12","3.14"
"dict","￥2,000～￥2,999","null","おでん、居酒屋、割烹・小料理","
                赤れんが
              ","7","3.04","3.04","-"
"dict","￥3,000～￥3,999"," ～￥999","居酒屋、焼鳥、親子丼","
                鶏料理専門店 とりかく 品川インターシティ店
              ","18","3.06","3.04","3.07"
"dict","￥2,000～￥2,999","null","焼肉、ホルモン、韓国料理","
                牛角 品川店
              ","8","3.04","3.04","-"
"dict"," ～￥999"," ～￥999","その他","
                ローソン 品川駅港南口店
              ","1","3.00","3.00","-"
"dict","￥2,000～￥2,999"," ～￥999","居酒屋、焼鳥","
                てらけん本家 泉岳寺駅前店
              ","3","3.03","-","3.04"
"dict"," ～￥999"," ～￥999","和菓子","
                梅園 京急ショッピングプラザ ウィング高輪　EAST店
              ","3","3.00","3.00","-"
"dict","null"," ～￥999","カフェ、カレーライス","
                Ｏｎｅ
              ","3","3.01","-","3.01"
"dict","null"," ～￥999","喫茶店","
                コモ
              ","2","3.01","-","3.01"
"dict","￥1,000～￥1,999"," ～￥999","カレーライス、カレー（その他）","
                キャンプエクスプレス 品川店
              ","402","3.58","3.43","3.57"
"dict","￥2,000～￥2,999"," ～￥999","和菓子","
                自由が丘　蜂の家 ecute品川店
              ","26","3.07","3.06","3.08"
"dict","￥1,000～￥1,999"," ～￥999","餃子、中華料理、ラーメン","
                大阪王将 品川店
              ","39","3.07","3.08","3.00"
"dict","null","￥1,000～￥1,999","レストラン（その他）、洋食","
                レストラン 菊
              ","7","3.01","-","3.01"
"dict","null","null","その他","
                TKPガーデンシティ 品川
              ","1","-","-","-"
"dict","null"," ～￥999","ダイニングバー、居酒屋、イタリアン","
                プロント 品川店
              ","15","3.01","3.00","3.01"
"dict"," ～￥999"," ～￥999","ラーメン、油そば","
                壱角家 品川港南口店
              ","14","3.07","3.00","3.07"
"dict","￥5,000～￥5,999","￥1,000～￥1,999","天ぷら、天丼・天重、割烹・小料理","
                つな八 品川インターシティ店
              ","32","3.14","3.12","3.08"
"dict","null"," ～￥999","牛丼、親子丼、うどん","
                なか卯 泉岳寺前店
              ","14","3.02","3.01","3.02"
"dict","￥5,000～￥5,999","null","その他","
                Club eX
              ","2","3.00","3.00","-"
"dict","null"," ～￥999","地中海料理、イタリアン、ダイニングバー","
                アタボーラ
              ","6","3.02","3.02","3.00"
"dict","￥1,000～￥1,999"," ～￥999","和食（その他）","
                おだし東京 エキュート品川サウス店
              ","97","3.51","3.36","3.52"
"dict","￥4,000～￥4,999","null","カフェ","
                椨の木
              ","1","3.02","-","3.02"
"dict","￥3,000～￥3,999","null","寿司、魚介料理・海鮮料理","
                だるま鮨
              ","11","3.07","3.07","3.06"
"dict","￥6,000～￥7,999","￥1,000～￥1,999","魚介料理・海鮮料理、居酒屋、海鮮丼","
                あじろ定置網
              ","25","3.49","3.16","3.52"
"dict","null","null","割烹・小料理","
                花梨
              ","null","-","-","-"
"dict","￥4,000～￥4,999","￥1,000～￥1,999","カフェ、ラウンジ、ケーキ","
                WIRED CAFE Dining Lounge Wing 高輪店
              ","76","3.08","3.07","3.07"
"dict","￥10,000～￥14,999","null","寿司、居酒屋、魚介料理・海鮮料理","
                握や
              ","23","3.52","3.52","-"
"dict"," ～￥999"," ～￥999","カレーライス","
                カレーハウス キラリ
              ","115","3.57","3.42","3.55"
"dict"," ～￥999"," ～￥999","寿司","
                豆狸 エキュート品川店
              ","77","3.26","3.24","3.08"
"dict","￥2,000～￥2,999"," ～￥999","その他","
                カラオケオンステージ
              ","7","3.01","3.00","3.02"
"dict","￥3,000～￥3,999"," ～￥999","ビアホール・ビアレストラン、定食・食堂、ラーメン","
                やぶ国
              ","14","3.04","3.04","3.02"
"dict","￥4,000～￥4,999","null","バー","
                トップ・オブ・シナガワ・サウス・バー
              ","24","3.07","3.07","3.06"
"dict","￥2,000～￥2,999","null","バー、パブ","
                PUB&BAR CUL-DE-SAC
              ","5","3.06","3.06","-"
"dict"," ～￥999","￥1,000～￥1,999","ケーキ","
                ボビーユーハイム ecute品川
              ","24","3.07","3.08","3.01"
"dict","null","￥1,000～￥1,999","洋菓子（その他）","
                シュガーバターの木 JR品川駅店
              ","34","3.17","3.03","3.17"
"dict"," ～￥999"," ～￥999","飲茶・点心","
                崎陽軒 ウィング高輪EAST店
              ","4","3.02","3.00","3.02"
"dict","￥1,000～￥1,999","null","その他","
                禅 五反田店
              ","1","3.00","3.00","-"
"dict","￥1,000～￥1,999"," ～￥999","ケーキ","
                キャトル 品川駅店
              ","58","3.15","3.08","3.13"
"dict","null"," ～￥999","居酒屋、定食・食堂、カレーうどん","
                居酒屋富士
              ","14","3.00","3.01","3.01"
"dict"," ～￥999"," ～￥999","カフェ、バー・お酒（その他）","
                コーラルカフェバー
              ","19","3.18","3.05","3.18"
"dict"," ～￥999"," ～￥999","うどん","
                瀬戸うどん 高輪三丁目店
              ","32","3.01","3.00","3.02"
"dict","￥1,000～￥1,999","￥1,000～￥1,999","カレーライス","
                サンライン
              ","59","3.43","3.08","3.43"
"dict","￥3,000～￥3,999","null","居酒屋","
                和
              ","2","-","-","-"
"dict"," ～￥999"," ～￥999","その他","
                ローソン 港南中央通り店
              ","1","3.00","3.00","-"
"dict"," ～￥999"," ～￥999","そば、うどん","
                ゆで太郎 三田3丁目店 
              ","15","3.04","3.01","3.04"
"dict","￥3,000～￥3,999","null","居酒屋、魚介料理・海鮮料理、鳥料理","
                山内農場 泉岳寺駅前店
              ","1","3.00","-","3.00"
"dict","null","￥8,000～￥9,999","旅館・オーベルジュ（その他）","
                東横INN 品川駅高輪口
              ","5","3.00","-","3.00"
"dict","￥2,000～￥2,999"," ～￥999","スポーツバー","
                down the line
              ","1","-","-","-"
"dict","null"," ～￥999","喫茶店","
                はなみずき
              ","2","3.00","-","3.00"
"dict","￥4,000～￥4,999","￥4,000～￥4,999","ビアガーデン、焼肉、バーベキュー","
                 品川ビアガーデン
              ","16","3.03","3.03","3.00"
"dict","￥1,000～￥1,999"," ～￥999","メキシコ料理","
                Guzman y Gomez FOOD&TIME ISETAN アトレ品川店
              ","25","3.21","3.20","3.07"
"dict"," ～￥999"," ～￥999","バル・バール、バイキング、カフェ","
                バル マルシェ コダマ エキュート品川店
              ","200","3.58","3.43","3.58"
"dict"," ～￥999"," ～￥999","ラーメン、餃子","
                喜多方ラーメン 坂内 品川シーズンテラス店
              ","31","3.12","3.08","3.10"
"dict","null"," ～￥999","うどん、天ぷら、おにぎり","
                丸亀製麺 品川店
              ","78","3.06","3.06","3.06"
"dict","null"," ～￥999","和菓子","
                おみやげ 大澤商店
              ","1","3.00","-","3.00"
"dict"," ～￥999"," ～￥999","サンドイッチ、カフェ、弁当","
                ブロッサム アンド ブーケ デリ カフェ 品川シーズンテラス店
              ","10","3.06","3.06","3.05"
"dict","￥2,000～￥2,999","￥1,000～￥1,999","居酒屋","
                板前バル 品川個室別邸
              ","7","3.03","3.04","3.03"
"dict","￥1,000～￥1,999","null","立ち飲み居酒屋・バー、串揚げ・串かつ、おでん","
                日向食堂 品川店
              ","19","3.05","3.05","-"
"dict","￥6,000～￥7,999","null","焼鳥","
                鳥てる
              ","137","3.70","3.71","3.07"
"dict"," ～￥999","null","その他","
                ニコンミュージアム
              ","1","3.02","3.03","-"
"dict","￥2,000～￥2,999","￥1,000～￥1,999","うどん、そば、居酒屋","
                杵屋 品川インターシティ3F店
              ","22","3.03","3.01","3.03"
"dict","￥1,000～￥1,999","null","その他","
                JR東海パッセンジャーズ デリカステーション 品川南コンコース
              ","11","3.02","3.00","3.02"
"dict"," ～￥999"," ～￥999","パン、アイスクリーム、その他","
                アクアスタジアム　イルカプール売店
              ","10","3.03","3.00","3.03"
"dict","￥6,000～￥7,999","￥4,000～￥4,999","中華料理、北京料理","
                品川大飯店
              ","37","3.19","3.19","3.08"
"dict"," ～￥999"," ～￥999","洋菓子（その他）","
                パステル・ミュゼ ウィング高輪EAST店
              ","7","3.03","3.02","3.03"
"dict"," ～￥999"," ～￥999","レストラン（その他）、カフェ","
                ベルフォール・カフェ
              ","7","3.04","3.00","3.04"
"dict","null","￥1,000～￥1,999","ケーキ","
                トップス エキュート品川店
              ","20","3.11","3.08","3.08"
"dict","￥1,000～￥1,999"," ～￥999","立ち食い寿司","
                寿司 魚がし日本一 エキュート品川サウス店
              ","139","3.46","3.09","3.38"
"dict"," ～￥999"," ～￥999","ラーメン","
                蒙古タンメン中本 品川店
              ","356","3.56","3.52","3.54"
"dict"," ～￥999","null","その他","
                セブンイレブン 品川プリンスホテル店
              ","1","3.00","3.00","-"
"dict","￥1,000～￥1,999"," ～￥999","弁当","
                品川旬菜 北店
              ","7","3.07","3.08","3.04"
"dict","null"," ～￥999","弁当、サンドイッチ","
                品川旬菜南売店
              ","8","3.06","3.00","3.06"
"dict","￥5,000～￥5,999","￥4,000～￥4,999","懐石・会席料理、しゃぶしゃぶ、和食（その他）","
                つきじ植むら ウィング高輪店
              ","35","3.07","3.09","3.01"
"dict"," ～￥999","￥1,000～￥1,999","チョコレート","
                ゴディバ  アトレ品川店
              ","30","3.10","3.07","3.09"
"dict"," ～￥999"," ～￥999","とんかつ、かつ丼・かつ重、定食・食堂","
                とんかつ 勝泉
              ","67","3.08","3.08","3.07"
"dict","null","null","野菜料理","
                カスタムサラダベジー
              ","1","-","-","-"
"dict"," ～￥999"," ～￥999","ラーメン、つけ麺、居酒屋","
                由丸 品川港南店
              ","90","3.14","3.09","3.09"
"dict","￥1,000～￥1,999","null","その他","
                土産処 しなたつ屋
              ","1","3.02","3.02","-"
"dict","￥4,000～￥4,999"," ～￥999","韓国料理","
                とうがらし 品川店
              ","41","3.20","3.15","3.11"
"dict"," ～￥999"," ～￥999","うどん、寿司、カレーうどん","
                手延べうどん 水山
              ","190","3.54","3.44","3.52"
"dict"," ～￥999"," ～￥999","ファミレス、ハンバーグ、定食・食堂","
                デニーズ 品川港南店
              ","30","3.02","3.01","3.02"
"dict","null","￥1,000～￥1,999","甘味処、和食（その他）","
                麻布茶房 ウィング高輪店
              ","39","3.07","3.00","3.07"
"dict","null","null","旅館","
                Tマークシティホテル東京大森
              ","1","-","-","-"
"dict","null","null","その他","
                ビッグエコー 品川港南口駅前店
              ","null","-","-","-"
"dict"," ～￥999"," ～￥999","その他、パン","
                デイリーヤマザキ 高輪本店
              ","2","3.00","-","3.00"
"dict","￥10,000～￥14,999","￥3,000～￥3,999","バイキング、スイーツ（その他）、西洋各国料理（その他）","
                ダイニングアンドバー テーブル ナイン トウキョウ
              ","19","3.26","3.26","3.06"
"dict","null","null","その他","
                まいばすけっと 東品川1丁目店
              ","null","-","-","-"
"dict"," ～￥999"," ～￥999","定食・食堂、魚介料理・海鮮料理、丼もの（その他）","
                品川 ひおき
              ","150","3.10","3.17","3.00"
"dict","￥2,000～￥2,999","￥2,000～￥2,999","居酒屋、魚介料理・海鮮料理、海鮮丼","
                目利きの銀次 品川港南口駅前店
              ","23","3.02","3.00","3.03"
"dict","null"," ～￥999","喫茶店","
                アトール
              ","5","3.04","-","3.04"
"dict","￥2,000～￥2,999","null","居酒屋","
                海鮮屋台 おくまん 品川店
              ","12","3.35","3.35","-"
"dict","￥6,000～￥7,999","￥1,000～￥1,999","オイスターバー、シーフード、ダイニングバー","
                グランド・セントラル・オイスターバー&レストラン 品川店
              ","444","3.58","3.58","3.58"
"dict","￥3,000～￥3,999","null","ステーキ、アメリカ料理、バー","
                アウトバックステーキハウス 品川高輪店
              ","226","3.45","3.41","3.12"
"dict","￥3,000～￥3,999","￥1,000～￥1,999","西洋各国料理（その他）、ビストロ、ビアホール・ビアレストラン","
                ベルジアン　ブラッスリーコート　ルーヴェン
              ","35","3.47","3.23","3.50"
"dict","￥2,000～￥2,999"," ～￥999","定食・食堂、居酒屋、鍋（その他）","
                鹿屋アスリート食堂 品川シーズンテラス店
              ","23","3.22","3.09","3.17"
"dict","￥4,000～￥4,999"," ～￥999","居酒屋、そば、魚介料理・海鮮料理","
                稲田屋 品川店
              ","51","3.51","3.50","3.20"
"dict","￥3,000～￥3,999","null","居酒屋、日本酒バー、魚介料理・海鮮料理","
                石志水産 品川店
              ","23","3.08","3.08","-"
"dict","￥2,000～￥2,999","￥2,000～￥2,999","串揚げ・串かつ、居酒屋、たこ焼き","
                串カツ田中 品川港南口店
              ","2","-","-","-"
"dict","￥5,000～￥5,999","￥2,000～￥2,999","ダイニングバー、創作料理、バイキング","
                いちょう坂
              ","26","3.09","3.00","3.28"
"dict","￥3,000～￥3,999","￥1,000～￥1,999","ハンバーグ、洋食、ダイニングバー","
                つばめグリル 品川駅前店
              ","408","3.58","3.58","3.52"
"dict","￥8,000～￥9,999","￥1,000～￥1,999","割烹・小料理、天ぷら、しゃぶしゃぶ","
                麟 品川店
              ","25","3.16","3.16","3.03"
"dict","￥3,000～￥3,999"," ～￥999","魚介料理・海鮮料理、和食（その他）","
                板前バル 大崎店
              ","6","3.12","3.12","3.06"
"dict","￥4,000～￥4,999","null","居酒屋、創作料理、天ぷら","
                せせらぎを聴きながら 品川駅前店
              ","29","3.01","3.01","-"
"dict","￥5,000～￥5,999","￥1,000～￥1,999","ダイニングバー、イタリアン、魚介料理・海鮮料理","
                ロサンジェルス バルコニー テラスレストラン＆ムーンバー
              ","41","3.22","3.09","3.33"
"dict","￥3,000～￥3,999","￥1,000～￥1,999","カフェ、パンケーキ、フレンチトースト","
                サラベス 品川店
              ","243","3.58","3.22","3.58"
"dict","￥10,000～￥14,999","￥2,000～￥2,999","イタリアン、ワインバー","
                アロマクラシコ
              ","231","3.62","3.61","3.61"
"dict","￥3,000～￥3,999"," ～￥999","居酒屋、そば、和食（その他）","
                高田屋 品川店
              ","43","3.02","3.02","3.01"
"dict","￥4,000～￥4,999","￥1,000～￥1,999","中華料理、広東料理、担々麺","
                杏梨　チャイニーズキッチン 品川インターシティ店
              ","23","3.09","3.06","3.17"
"dict","￥5,000～￥5,999","null","居酒屋、焼酎バー、魚介料理・海鮮料理","
                跳魚 本館
              ","64","3.52","3.52","-"
"dict","￥3,000～￥3,999","￥1,000～￥1,999","居酒屋","
                浜茶屋 百万石
              ","4","3.04","3.04","-"
"dict","￥2,000～￥2,999"," ～￥999","居酒屋、和食（その他）、焼肉","
                甘太郎 品川港南口店
              ","15","3.00","3.01","3.00"
"dict","￥4,000～￥4,999"," ～￥999","沖縄料理、居酒屋、もつ鍋","
                ナンクルナイサ　きばいやんせー 品川店
              ","26","3.07","3.00","3.09"
"dict","￥3,000～￥3,999"," ～￥999","居酒屋、串焼き、焼鳥","
                一番どり 品川グランパサージュ店
              ","21","3.07","3.07","3.07"
"dict","￥2,000～￥2,999","￥1,000～￥1,999","ダイニングバー、ピザ、イタリアン","
                PIZZAMAN TOKYO
              ","50","3.00","3.06","3.00"
"dict","￥2,000～￥2,999"," ～￥999","カフェ、バー、イタリアン","
                N cafe diner
              ","39","3.01","3.03","3.01"
"dict","￥4,000～￥4,999","￥1,000～￥1,999","ろばた焼き、居酒屋、魚介料理・海鮮料理","
                なかめのてっぺん 品川
              ","34","3.52","3.41","3.51"
"dict","￥2,000～￥2,999","null","居酒屋、バル・バール、ダイニングバー","
                チーズタッカルビと個室バル 柳 品川店
              ","4","3.05","3.05","-"
"dict","￥4,000～￥4,999","￥1,000～￥1,999","ダイニングバー、イタリアン、カフェ","
                ガーデンカフェ ウィズ テラスバー
              ","69","3.28","3.00","3.52"
"dict","￥2,000～￥2,999"," ～￥999","タイ料理、アジア・エスニック料理（その他）、タイカレー","
                ラックタイ 品川グランパサージュ店
              ","94","3.45","3.35","3.28"
"dict","￥4,000～￥4,999","null","居酒屋、しゃぶしゃぶ、焼肉","
                しながわ畑
              ","19","3.03","3.03","-"
"dict","￥2,000～￥2,999"," ～￥999","インドカレー、インド料理、東南アジア料理（その他）","
                サルマ ティッカアンドビリヤニ
              ","198","3.59","3.58","3.58"
"dict","￥5,000～￥5,999","￥1,000～￥1,999","焼鳥、鳥料理、郷土料理（その他）","
                品川 今井屋本店
              ","6","3.06","3.06","3.06"
"dict","￥10,000～￥14,999","￥3,000～￥3,999","懐石・会席料理、魚介料理・海鮮料理、和食（その他）","
                個室会席 北大路 品川茶寮
              ","7","3.06","3.06","3.03"
"dict","￥4,000～￥4,999","￥3,000～￥3,999","居酒屋、もつ鍋、焼鳥","
                木村屋本店 品川港南口
              ","27","3.04","3.04","-"
"dict","￥3,000～￥3,999","￥3,000～￥3,999","お好み焼き、居酒屋、魚介料理・海鮮料理","
                お好み焼き じゃもん
              ","12","3.00","3.00","3.00"
"dict","￥3,000～￥3,999"," ～￥999","イタリアン、ダイニングバー、ビアホール・ビアレストラン","
                ItalianBar KIMURAYA 品川
              ","12","3.06","3.07","3.02"
"dict","￥3,000～￥3,999"," ～￥999","中華料理、居酒屋、四川料理","
                健康中華庵 青蓮 品川インターシティ店
              ","27","3.02","3.01","3.05"
